ts_id,date,actual,pred
100_21137,2018-08-05,0.0,0.025812429999999997
100_21616,2018-08-05,0.0,0.04533113
100_24852,2018-08-05,0.0,0.034676798499999995
100_26369,2018-08-05,0.0,0.04048996825
100_27344,2018-08-05,0.0,0.039392955
100_38547,2018-08-05,0.0,0.027937800999999998
100_38689,2018-08-05,0.0,0.0304250645
100_48628,2018-08-05,0.0,0.037633463000000006
11_13176,2018-08-05,0.0,0.02941198375
11_14947,2018-08-05,0.0,0.031555101
11_15261,2018-08-05,0.0,0.0287960795
11_17706,2018-08-05,0.0,0.03902986775
11_17794,2018-08-05,0.0,0.033553374
11_20383,2018-08-05,0.0,0.0309228415
11_21040,2018-08-05,0.0,0.0403339055
11_22950,2018-08-05,0.0,0.030441727
11_24799,2018-08-05,0.0,0.0401771445
11_27959,2018-08-05,0.0,0.058060814
11_28465,2018-08-05,0.0,0.02992552725
11_30480,2018-08-05,0.0,0.03076611975
11_30563,2018-08-05,0.0,0.041836761
11_33021,2018-08-05,0.0,0.0345054315
11_33037,2018-08-05,0.0,0.04361019325
11_33572,2018-08-05,0.0,0.04189959025
11_34551,2018-08-05,0.0,0.033699935
11_34658,2018-08-05,0.0,0.02637171125
11_35321,2018-08-05,0.0,0.029187943
11_40055,2018-08-05,0.0,0.027771360125
11_40738,2018-08-05,0.0,0.0295142445
11_41319,2018-08-05,0.0,0.0311209375
11_41909,2018-08-05,0.0,0.02876205525
11_44632,2018-08-05,0.0,0.025779187250000002
11_4799,2018-08-05,0.0,0.03441766875
11_48697,2018-08-05,0.0,0.04817650975
11_49374,2018-08-05,0.0,0.039559716999999994
11_5989,2018-08-05,0.0,0.036639181
11_8230,2018-08-05,0.0,0.03908713975
11_8309,2018-08-05,0.0,0.045905406
12_10863,2018-08-05,0.0,0.024346011999999997
12_11520,2018-08-05,0.0,0.04350339525
12_13176,2018-08-05,0.0,0.03555156425
12_14992,2018-08-05,0.0,0.03685643875
12_16185,2018-08-05,0.0,0.02271380925
12_17794,2018-08-05,0.0,0.0251061785
12_19006,2018-08-05,0.0,0.0231069845
12_22959,2018-08-05,0.0,0.0374554495
12_24390,2018-08-05,0.0,0.024922034000000003
12_248,2018-08-05,0.0,0.022292229125
12_28134,2018-08-05,0.0,0.03141524825
12_30489,2018-08-05,0.0,0.032783598750000004
12_31506,2018-08-05,0.0,0.031575105
12_34243,2018-08-05,0.0,0.02268498925
12_37687,2018-08-05,0.0,0.023570468999999997
12_39667,2018-08-05,0.0,0.019739510375
12_44422,2018-08-05,0.0,0.028956658499999996
12_47509,2018-08-05,0.0,0.0193157345
12_48364,2018-08-05,0.0,0.021256790749999997
12_49683,2018-08-05,0.0,0.024281592
12_7076,2018-08-05,0.0,0.02130420325
12_7120,2018-08-05,0.0,0.028710283249999996
14_10321,2018-08-05,0.0,0.15648200750000002
14_10549,2018-08-05,0.0,0.05537266774999999
14_10568,2018-08-05,0.0,0.027571163249999996
14_11131,2018-08-05,0.0,0.0331549805
14_11348,2018-08-05,0.0,0.03609252875
14_11418,2018-08-05,0.0,0.077261419
14_12168,2018-08-05,0.0,0.14554591525
14_12232,2018-08-05,0.0,0.08587791
14_12323,2018-08-05,0.0,0.0399432445
14_12432,2018-08-05,0.0,0.036097070999999994
14_12496,2018-08-05,0.0,0.037250047499999994
14_1261,2018-08-05,0.0,0.031244916500000004
14_12703,2018-08-05,0.0,0.147997975
14_13145,2018-08-05,0.0,0.03783348
14_13159,2018-08-05,0.0,0.0624470325
14_13525,2018-08-05,0.0,0.031814999
14_14613,2018-08-05,0.0,0.0440181865
14_15078,2018-08-05,0.0,0.139192415
14_15172,2018-08-05,0.0,0.16335342749999998
14_15358,2018-08-05,0.0,0.0393445575
14_15673,2018-08-05,0.0,0.060545340249999996
14_16776,2018-08-05,0.0,0.05562987875
14_17556,2018-08-05,0.0,0.03424210825
14_17923,2018-08-05,0.0,0.0264583755
14_19003,2018-08-05,0.0,0.19022493499999998
14_19307,2018-08-05,0.0,0.16104243749999997
14_19585,2018-08-05,0.0,0.19369000375
14_19750,2018-08-05,0.0,0.04488397075
14_2138,2018-08-05,0.0,0.158752255
14_22337,2018-08-05,0.0,0.18272444999999998
14_23271,2018-08-05,0.0,0.14129152925
14_23803,2018-08-05,0.0,0.12024652350000001
14_24622,2018-08-05,0.0,0.10466052525
14_24970,2018-08-05,0.0,0.045434814000000004
14_25309,2018-08-05,0.0,0.04130518275
14_26209,2018-08-05,0.0,0.04615732374999999
14_28601,2018-08-05,0.0,0.08613729575000001
14_29382,2018-08-05,0.0,0.058438115250000006
14_29509,2018-08-05,0.0,0.15560668249999998
14_30517,2018-08-05,0.0,0.041388025999999994
14_31717,2018-08-05,0.0,0.072216431
14_32051,2018-08-05,0.0,0.1476834835
14_32158,2018-08-05,0.0,0.046758620249999994
14_32476,2018-08-05,0.0,0.023857925874999998
14_33360,2018-08-05,0.0,0.061257093750000005
14_33689,2018-08-05,0.0,0.14341658575
14_34229,2018-08-05,0.0,0.052265436
14_35264,2018-08-05,0.0,0.0324371075
14_35416,2018-08-05,0.0,0.16568735899999998
14_37266,2018-08-05,0.0,0.05022334225
14_37725,2018-08-05,0.0,0.02815023525
14_38342,2018-08-05,0.0,0.1952068875
14_39545,2018-08-05,0.0,0.1196426555
14_40162,2018-08-05,0.0,0.0354976805
14_40330,2018-08-05,0.0,0.051185761499999996
14_40540,2018-08-05,0.0,0.060157694
14_40925,2018-08-05,0.0,0.041692229
14_41787,2018-08-05,0.0,0.037052718375
14_4210,2018-08-05,0.0,0.04439188975
14_43127,2018-08-05,0.0,0.170448355
14_43863,2018-08-05,0.0,0.034861336500000006
14_44799,2018-08-05,0.0,0.09333368375000001
14_4489,2018-08-05,0.0,0.18774364500000001
14_4497,2018-08-05,0.0,0.0314658295
14_45099,2018-08-05,0.0,0.1330923035
14_45407,2018-08-05,0.0,0.07427156399999998
14_46547,2018-08-05,0.0,0.05054230325
14_47117,2018-08-05,0.0,0.1680574475
14_4759,2018-08-05,0.0,0.1852308875
14_48101,2018-08-05,0.0,0.031395639
14_5077,2018-08-05,0.0,0.1513344775
14_5595,2018-08-05,0.0,0.034260683
14_7239,2018-08-05,0.0,0.037824801000000005
14_7751,2018-08-05,0.0,0.0348654435
14_8193,2018-08-05,0.0,0.050432893
14_831,2018-08-05,0.0,0.049320527249999996
14_8744,2018-08-05,0.0,0.167159845
14_9076,2018-08-05,0.0,0.1782267175
14_9477,2018-08-05,0.0,0.051340434750000004
15_10441,2018-08-05,0.0,0.15214549
15_11266,2018-08-05,0.0,0.29844410750000006
15_12427,2018-08-05,0.0,0.5209136775
15_14715,2018-08-05,0.0,0.39344820999999996
15_1747,2018-08-05,0.0,0.219036705
15_196,2018-08-05,0.0,0.20145946499999998
15_27839,2018-08-05,0.0,0.5721919799999999
15_37710,2018-08-05,0.0,0.3064731975
15_43721,2018-08-05,0.0,0.07313167425
15_48142,2018-08-05,0.0,0.065766245
16_14197,2018-08-05,0.0,0.03251063025
16_15872,2018-08-05,0.0,0.03398652925
16_17948,2018-08-05,0.0,0.03614689575
16_21137,2018-08-05,0.0,0.03590110025
16_21405,2018-08-05,0.0,0.041727745249999997
16_21616,2018-08-05,0.0,0.0336924115
16_24561,2018-08-05,0.0,0.040146214
16_24852,2018-08-05,0.0,0.033838763
16_28289,2018-08-05,0.0,0.034684362999999996
16_32691,2018-08-05,0.0,0.03332041225
16_48283,2018-08-05,0.0,0.032852665249999996
17_1073,2018-08-05,0.0,0.05656774075
17_12720,2018-08-05,0.0,0.05237323175
17_14146,2018-08-05,0.0,0.21356715250000002
17_16188,2018-08-05,0.0,0.398149365
17_16797,2018-08-05,0.0,0.05571031125
17_17040,2018-08-05,0.0,0.055016738499999995
17_1774,2018-08-05,0.0,0.21958025250000002
17_17762,2018-08-05,0.0,0.106503024
17_18534,2018-08-05,0.0,0.592400765
17_18855,2018-08-05,0.0,0.0487896085
17_19468,2018-08-05,0.0,0.03593077
17_21187,2018-08-05,0.0,0.06912054425
17_21553,2018-08-05,0.0,0.045025172249999995
17_23117,2018-08-05,0.0,0.37895916
17_25464,2018-08-05,0.0,0.0403987405
17_26767,2018-08-05,0.0,0.22497994999999998
17_2927,2018-08-05,0.0,0.047919275750000004
17_30992,2018-08-05,0.0,0.05038250625
17_36130,2018-08-05,0.0,0.38551185
17_36463,2018-08-05,0.0,0.042265037
17_36552,2018-08-05,0.0,0.04845295325
17_38618,2018-08-05,0.0,0.31956447499999996
17_38760,2018-08-05,0.0,0.07796557250000001
17_40203,2018-08-05,0.0,0.271418665
17_40592,2018-08-05,0.0,0.046050613500000004
17_42356,2018-08-05,0.0,0.0325592145
17_43986,2018-08-05,0.0,0.07353874425
17_44234,2018-08-05,0.0,0.0461964325
17_44265,2018-08-05,0.0,0.04656227775
17_45190,2018-08-05,0.0,0.070148721
17_4591,2018-08-05,0.0,0.044557120500000005
17_47141,2018-08-05,0.0,0.18153841125
17_47940,2018-08-05,0.0,0.0452842185
17_48544,2018-08-05,0.0,0.07220608099999999
17_48933,2018-08-05,0.0,0.38115441250000004
17_5077,2018-08-05,0.0,0.04328305875
17_5128,2018-08-05,0.0,0.07649562625
17_5748,2018-08-05,0.0,0.042361391
17_7350,2018-08-05,0.0,0.5263369375
17_9006,2018-08-05,0.0,0.16314579999999998
17_9387,2018-08-05,0.0,0.04359685025
17_9641,2018-08-05,0.0,0.3876293075
1_10258,2018-08-05,0.0,0.09674788975000001
1_10326,2018-08-05,0.0,0.0378139245
1_12427,2018-08-05,0.0,0.083282199
1_13032,2018-08-05,0.0,0.056452418500000004
1_13176,2018-08-05,0.0,0.049153702
1_17122,2018-08-05,0.0,0.037033827500000005
1_196,2018-08-05,0.0,0.10071009
1_25133,2018-08-05,0.0,0.10141584749999999
1_35951,2018-08-05,0.0,0.0800883175
1_38928,2018-08-05,0.0,0.06015912875
1_39657,2018-08-05,0.0,0.094528387
1_41787,2018-08-05,0.0,0.0347885675
1_46149,2018-08-05,0.0,0.052169176
1_49235,2018-08-05,0.0,0.0647955055
21_10151,2018-08-05,0.0,0.0757040325
21_10957,2018-08-05,0.0,0.04506939025
21_11662,2018-08-05,0.0,0.06948096125
21_13588,2018-08-05,0.0,0.0496813435
21_14788,2018-08-05,0.0,0.18631433000000003
21_15720,2018-08-05,0.0,0.03043591825
21_15902,2018-08-05,0.0,0.0679332665
21_16965,2018-08-05,0.0,0.079220905
21_18523,2018-08-05,0.0,0.18953654749999999
21_18721,2018-08-05,0.0,0.051222669250000005
21_18793,2018-08-05,0.0,0.10223820025
21_196,2018-08-05,0.0,0.054827315
21_21137,2018-08-05,0.0,0.0607397155
21_21508,2018-08-05,0.0,0.082376995
21_23504,2018-08-05,0.0,0.04226231875
21_23729,2018-08-05,0.0,0.309894875
21_2434,2018-08-05,0.0,0.07420568725
21_24852,2018-08-05,0.0,0.158089244
21_26209,2018-08-05,0.0,0.047158330750000005
21_27044,2018-08-05,0.0,0.0676876205
21_27086,2018-08-05,0.0,0.0501955665
21_27548,2018-08-05,0.0,0.0446410385
21_28199,2018-08-05,0.0,0.05301433
21_28204,2018-08-05,0.0,0.19127763
21_31387,2018-08-05,0.0,0.24993209749999998
21_33065,2018-08-05,0.0,0.035565233249999995
21_3485,2018-08-05,0.0,0.37633678000000004
21_35221,2018-08-05,0.0,0.0259462475
21_36425,2018-08-05,0.0,0.03897048475
21_36677,2018-08-05,0.0,0.05737503375
21_37646,2018-08-05,0.0,0.0441570325
21_42536,2018-08-05,0.0,0.048123442499999995
21_43352,2018-08-05,0.0,0.06613615125
21_43814,2018-08-05,0.0,0.047959091749999995
21_44375,2018-08-05,0.0,0.03787999
21_44632,2018-08-05,0.0,0.1915723375
21_45603,2018-08-05,0.0,0.202161565
21_4606,2018-08-05,0.0,0.05400845775
21_46842,2018-08-05,0.0,0.050835641
21_47766,2018-08-05,0.0,0.228904865
21_48205,2018-08-05,0.0,0.05741061425
21_48988,2018-08-05,0.0,0.4534992375
21_49326,2018-08-05,0.0,0.08484022
21_5860,2018-08-05,0.0,0.049039198000000006
21_6348,2018-08-05,0.0,0.052783389
21_7963,2018-08-05,0.0,0.37188073250000003
21_8668,2018-08-05,0.0,0.07685019874999999
21_9076,2018-08-05,0.0,0.064718132
22_13176,2018-08-05,0.0,0.07063274475
22_14678,2018-08-05,0.0,0.0393578805
22_14966,2018-08-05,0.0,0.04663458
22_15392,2018-08-05,0.0,0.049650927
22_16987,2018-08-05,0.0,0.0362523405
22_17794,2018-08-05,0.0,0.06377246225
22_21903,2018-08-05,0.0,0.06356614925000001
22_22115,2018-08-05,0.0,0.0391266805
22_22935,2018-08-05,0.0,0.081564045
22_22963,2018-08-05,0.0,0.08929330399999999
22_24506,2018-08-05,0.0,0.07206262975
22_2452,2018-08-05,0.0,0.05015111825
22_24964,2018-08-05,0.0,0.081992671
22_27171,2018-08-05,0.0,0.036820954
22_27845,2018-08-05,0.0,0.082778155
22_32096,2018-08-05,0.0,0.06150552025
22_32655,2018-08-05,0.0,0.07028059824999999
22_35221,2018-08-05,0.0,0.0428190455
22_36311,2018-08-05,0.0,0.03867289475
22_39040,2018-08-05,0.0,0.050676534999999995
22_41950,2018-08-05,0.0,0.03193939875
22_4217,2018-08-05,0.0,0.046883794
22_49533,2018-08-05,0.0,0.045788876500000006
22_5212,2018-08-05,0.0,0.03782156525
22_5450,2018-08-05,0.0,0.035973408250000005
22_7088,2018-08-05,0.0,0.032653506750000005
22_7948,2018-08-05,0.0,0.061788051000000004
22_8518,2018-08-05,0.0,0.0517214875
24_23423,2018-08-05,0.0,0.048080647750000004
24_27156,2018-08-05,0.0,0.07723001
24_31222,2018-08-05,0.0,0.0733937995
24_33081,2018-08-05,0.0,0.1140885515
24_42447,2018-08-05,0.0,0.1827939675
24_44172,2018-08-05,0.0,0.052731123000000005
24_46061,2018-08-05,0.0,0.066621073
24_6184,2018-08-05,1.0,0.0635208125
24_7249,2018-08-05,0.0,0.16567243750000002
24_7987,2018-08-05,0.0,0.043723778250000005
26_10339,2018-08-05,0.0,0.06403969849999999
26_14947,2018-08-05,0.0,0.06017586899999999
26_17859,2018-08-05,0.0,0.0349791275
26_17874,2018-08-05,0.0,0.03046788725
26_18531,2018-08-05,0.0,0.064390039
26_19894,2018-08-05,0.0,0.052748566499999996
26_21312,2018-08-05,0.0,0.03586404875
26_22849,2018-08-05,0.0,0.04425366425
26_23377,2018-08-05,0.0,0.036993954999999995
26_24316,2018-08-05,0.0,0.04262898649999999
26_25535,2018-08-05,0.0,0.034898831
26_30592,2018-08-05,0.0,0.060185791
26_31130,2018-08-05,0.0,0.0424562195
26_31615,2018-08-05,0.0,0.0695343485
26_32229,2018-08-05,0.0,0.0257735925
26_36316,2018-08-05,0.0,0.0318729915
26_36554,2018-08-05,0.0,0.03791643975
26_39238,2018-08-05,0.0,0.03696687
26_4091,2018-08-05,0.0,0.03978626575
26_41596,2018-08-05,0.0,0.035934729750000005
26_44632,2018-08-05,0.0,0.05965111575
26_46559,2018-08-05,0.0,0.047523895
26_49157,2018-08-05,0.0,0.044810950749999995
26_49588,2018-08-05,0.0,0.03454210575
26_5869,2018-08-05,0.0,0.0330810355
26_7355,2018-08-05,0.0,0.05822347625
26_9422,2018-08-05,0.0,0.04686919075
27_1005,2018-08-05,0.0,0.04599226425
27_10312,2018-08-05,0.0,0.04787857625
27_11193,2018-08-05,0.0,0.10828572
27_11195,2018-08-05,0.0,0.07559562175000001
27_1194,2018-08-05,1.0,0.29546356
27_13176,2018-08-05,1.0,0.2270866425
27_1323,2018-08-05,0.0,0.19396755649999997
27_14233,2018-08-05,1.0,0.22792158250000003
27_15399,2018-08-05,0.0,0.06872246000000001
27_16290,2018-08-05,0.0,0.2092705625
27_16398,2018-08-05,0.0,0.06509738749999999
27_16797,2018-08-05,1.0,0.226761245
27_16953,2018-08-05,0.0,0.102014151
27_17444,2018-08-05,0.0,0.11559576099999999
27_19008,2018-08-05,0.0,0.4989791275
27_19548,2018-08-05,0.0,0.0636432935
27_1998,2018-08-05,0.0,0.0845973075
27_2067,2018-08-05,0.0,0.2041560875
27_22290,2018-08-05,0.0,0.0522943185
27_23291,2018-08-05,0.0,0.1724801375
27_23323,2018-08-05,0.0,0.19437091
27_23405,2018-08-05,0.0,0.038974342249999995
27_24035,2018-08-05,0.0,0.052484109
27_24236,2018-08-05,1.0,0.214803515
27_24721,2018-08-05,0.0,0.36606848
27_24852,2018-08-05,0.0,0.058897189
27_24954,2018-08-05,0.0,0.20670665875000002
27_25718,2018-08-05,0.0,0.061025112
27_26292,2018-08-05,0.0,0.052409527
27_27086,2018-08-05,0.0,0.2146304925
27_27325,2018-08-05,0.0,0.07679035175
27_27735,2018-08-05,0.0,0.09746761775000001
27_27966,2018-08-05,1.0,0.22065158499999998
27_2966,2018-08-05,1.0,0.6541919374999999
27_29967,2018-08-05,0.0,0.048420173250000004
27_30658,2018-08-05,0.0,0.20162636750000001
27_30776,2018-08-05,0.0,0.086213859
27_3098,2018-08-05,0.0,0.0443509465
27_32263,2018-08-05,0.0,0.1965209075
27_33370,2018-08-05,0.0,0.21183505000000002
27_33575,2018-08-05,0.0,0.04415174175
27_33736,2018-08-05,0.0,0.04061917725
27_34137,2018-08-05,0.0,0.0524112375
27_35221,2018-08-05,1.0,0.1810058425
27_36205,2018-08-05,0.0,0.0412652345
27_3765,2018-08-05,0.0,0.22951071499999998
27_38547,2018-08-05,0.0,0.05703540925
27_38777,2018-08-05,1.0,0.202165545
27_39964,2018-08-05,1.0,0.21943975
27_40709,2018-08-05,0.0,0.065508574
27_4125,2018-08-05,0.0,0.20670665875000002
27_42356,2018-08-05,1.0,0.1820534385
27_42611,2018-08-05,0.0,0.05114706525
27_42828,2018-08-05,1.0,0.188417575
27_43406,2018-08-05,0.0,0.087309994
27_44632,2018-08-05,1.0,0.2183970975
27_44669,2018-08-05,0.0,0.12895504375
27_44932,2018-08-05,0.0,0.19147058
27_45123,2018-08-05,0.0,0.08030902475000001
27_45446,2018-08-05,0.0,0.18899488625
27_46045,2018-08-05,0.0,0.44137114499999996
27_46049,2018-08-05,0.0,0.058393520500000004
27_4781,2018-08-05,1.0,0.40585611
27_48559,2018-08-05,0.0,0.07973986100000001
27_48870,2018-08-05,0.0,0.086611965
27_48900,2018-08-05,0.0,0.05931515849999999
27_6287,2018-08-05,0.0,0.07194023525000001
27_633,2018-08-05,0.0,0.06948807274999999
27_7303,2018-08-05,0.0,0.09829110175
27_8736,2018-08-05,0.0,0.0845982495
28_10383,2018-08-05,0.0,0.06874910825
28_14992,2018-08-05,0.0,0.039013139249999995
28_20114,2018-08-05,0.0,0.04032215775
28_20588,2018-08-05,1.0,0.2115582975
28_21137,2018-08-05,0.0,0.03862787425
28_21174,2018-08-05,1.0,0.249314035
28_21513,2018-08-05,0.0,0.2671347475
28_21903,2018-08-05,0.0,0.134766695
28_22451,2018-08-05,0.0,0.050338814499999995
28_22935,2018-08-05,0.0,0.038019133499999996
28_23044,2018-08-05,1.0,0.053077877999999995
28_23338,2018-08-05,0.0,0.05029143475
28_23400,2018-08-05,0.0,0.09065790374999999
28_23644,2018-08-05,0.0,0.05461067875
28_24382,2018-08-05,0.0,0.05637939224999999
28_24622,2018-08-05,0.0,0.04666125
28_24759,2018-08-05,1.0,0.057127882500000005
28_24852,2018-08-05,0.0,0.06904423675000002
28_24964,2018-08-05,0.0,0.0774170815
28_25588,2018-08-05,0.0,0.042678680999999996
28_25659,2018-08-05,0.0,0.112701795
28_26209,2018-08-05,0.0,0.0503270685
28_26604,2018-08-05,0.0,0.040325776
28_27086,2018-08-05,0.0,0.040625749499999995
28_27307,2018-08-05,0.0,0.0584143805
28_27323,2018-08-05,0.0,0.052551091499999994
28_31215,2018-08-05,0.0,0.041213459
28_32049,2018-08-05,0.0,0.392999965
28_32689,2018-08-05,0.0,0.0547629065
28_32734,2018-08-05,0.0,0.039752515249999995
28_32828,2018-08-05,0.0,0.0598157575
28_33731,2018-08-05,1.0,0.13400883875
28_3481,2018-08-05,0.0,0.0536161895
28_34969,2018-08-05,0.0,0.07210302375
28_35510,2018-08-05,0.0,0.11363628
28_36135,2018-08-05,0.0,0.1182173515
28_3672,2018-08-05,0.0,0.0934142825
28_37192,2018-08-05,0.0,0.053020894
28_37220,2018-08-05,0.0,0.09376241800000001
28_38689,2018-08-05,0.0,0.044703811499999996
28_39076,2018-08-05,0.0,0.0769055045
28_40706,2018-08-05,1.0,0.0395562795
28_41483,2018-08-05,0.0,0.06652957250000001
28_41950,2018-08-05,0.0,0.049649051
28_42265,2018-08-05,0.0,0.0447034095
28_42768,2018-08-05,0.0,0.0682158745
28_42828,2018-08-05,0.0,0.03938708225
28_44142,2018-08-05,0.0,0.06758505075
28_44761,2018-08-05,0.0,0.08012012624999999
28_4605,2018-08-05,0.0,0.04299665225
28_46667,2018-08-05,0.0,0.05053706575
28_47626,2018-08-05,1.0,0.0645713915
28_49236,2018-08-05,0.0,0.0396659625
28_49683,2018-08-05,0.0,0.1489958925
28_5025,2018-08-05,0.0,0.0365590885
28_5077,2018-08-05,1.0,0.1893160925
28_7021,2018-08-05,0.0,0.073839454
28_8025,2018-08-05,0.0,0.0387281185
28_8076,2018-08-05,0.0,0.049218767499999996
28_8615,2018-08-05,1.0,0.2041372975
28_8670,2018-08-05,0.0,0.08449796000000001
28_8697,2018-08-05,1.0,0.20860395999999998
29_10500,2018-08-05,0.0,0.0609687075
29_11586,2018-08-05,0.0,0.038183595
29_1261,2018-08-05,0.0,0.040266404750000005
29_12720,2018-08-05,0.0,0.05161742125
29_12879,2018-08-05,0.0,0.04347171975
29_13129,2018-08-05,0.0,0.038235825249999994
29_1330,2018-08-05,0.0,0.06699895375
29_15293,2018-08-05,0.0,0.03930508325
29_16953,2018-08-05,0.0,0.17030161249999998
29_17817,2018-08-05,0.0,0.043428520250000005
29_19205,2018-08-05,0.0,0.1909251675
29_19541,2018-08-05,0.0,0.1498840275
29_20305,2018-08-05,0.0,0.23893804
29_20874,2018-08-05,0.0,0.038689184
29_21410,2018-08-05,0.0,0.07404418025000001
29_21496,2018-08-05,0.0,0.05222986725
29_22259,2018-08-05,0.0,0.0401613595
29_26360,2018-08-05,0.0,0.040326707
29_27612,2018-08-05,0.0,0.09994818
29_2839,2018-08-05,0.0,0.0441534335
29_30389,2018-08-05,0.0,0.0463373265
29_30695,2018-08-05,0.0,0.0612896505
29_3128,2018-08-05,0.0,0.044907274999999997
29_31608,2018-08-05,0.0,0.084221924
29_32987,2018-08-05,0.0,0.060512391750000005
29_33027,2018-08-05,0.0,0.067186687
29_33161,2018-08-05,0.0,0.03996694475
29_33945,2018-08-05,0.0,0.19926565
29_34749,2018-08-05,0.0,0.04593533725
29_35385,2018-08-05,0.0,0.21897824999999999
29_35507,2018-08-05,0.0,0.109367874
29_36543,2018-08-05,0.0,0.062237395
29_37645,2018-08-05,0.0,0.08299440250000001
29_39170,2018-08-05,0.0,0.38260825
29_39185,2018-08-05,0.0,0.05894663
29_39803,2018-08-05,0.0,0.26723181250000005
29_40214,2018-08-05,0.0,0.04723738399999999
29_41210,2018-08-05,0.0,0.05805136649999999
29_41298,2018-08-05,0.0,0.065309038
29_41653,2018-08-05,0.0,0.05988800325
29_42258,2018-08-05,0.0,0.0436434805
29_42551,2018-08-05,0.0,0.05085571675
29_43928,2018-08-05,0.0,0.0352731155
29_45458,2018-08-05,0.0,0.04477419525000001
29_48290,2018-08-05,0.0,0.06289696624999999
29_48800,2018-08-05,0.0,0.118611359
29_49507,2018-08-05,0.0,0.050786194750000006
29_49615,2018-08-05,0.0,0.32273436250000004
29_6128,2018-08-05,0.0,0.42989604000000003
29_8523,2018-08-05,0.0,0.063289466
29_8806,2018-08-05,0.0,0.07167200074999999
29_9875,2018-08-05,0.0,0.13176801
2_10305,2018-08-05,0.0,0.03599591275
2_12000,2018-08-05,0.0,0.02768752875
2_12258,2018-08-05,0.0,0.028564399249999997
2_13351,2018-08-05,0.0,0.030316057
2_13742,2018-08-05,0.0,0.032656646
2_1559,2018-08-05,0.0,0.1573101375
2_15841,2018-08-05,0.0,0.029725948999999998
2_16521,2018-08-05,0.0,0.061599378499999996
2_16589,2018-08-05,0.0,0.12118430399999999
2_17872,2018-08-05,0.0,0.02566539925
2_18523,2018-08-05,0.0,0.11867348
2_18961,2018-08-05,0.0,0.023901052750000002
2_19051,2018-08-05,0.0,0.03549444375
2_19057,2018-08-05,0.0,0.0494529405
2_19156,2018-08-05,0.0,0.13213961625
2_19240,2018-08-05,0.0,0.0376748975
2_2002,2018-08-05,0.0,0.03546426775
2_20785,2018-08-05,0.0,0.13872387925000002
2_21227,2018-08-05,0.0,0.0342912535
2_21376,2018-08-05,0.0,0.03039471125
2_21709,2018-08-05,0.0,0.09703787999999999
2_22124,2018-08-05,0.0,0.05548396775
2_22474,2018-08-05,0.0,0.03804221675
2_22559,2018-08-05,0.0,0.018249017
2_22825,2018-08-05,0.0,0.15468968
2_22963,2018-08-05,0.0,0.025786445999999998
2_24768,2018-08-05,0.0,0.13679974275
2_24852,2018-08-05,0.0,0.10644168174999999
2_24990,2018-08-05,0.0,0.040441870000000005
2_2573,2018-08-05,0.0,0.07021508974999999
2_27413,2018-08-05,0.0,0.15262353499999998
2_27737,2018-08-05,0.0,0.01729098925
2_30908,2018-08-05,0.0,0.08098020724999999
2_3151,2018-08-05,0.0,0.037537624
2_32139,2018-08-05,0.0,0.037261384499999994
2_32792,2018-08-05,0.0,0.046972572500000004
2_33754,2018-08-05,0.0,0.13399235575000001
2_33957,2018-08-05,0.0,0.01888308825
2_36287,2018-08-05,0.0,0.024481190125
2_36735,2018-08-05,0.0,0.03760207
2_39877,2018-08-05,0.0,0.070517311
2_39928,2018-08-05,0.0,0.13627467075
2_4071,2018-08-05,0.0,0.038791725
2_42342,2018-08-05,0.0,0.05345900325
2_42356,2018-08-05,0.0,0.023883313
2_44303,2018-08-05,0.0,0.043646110749999995
2_45613,2018-08-05,0.0,0.01814341875
2_45948,2018-08-05,0.0,0.0752725245
2_47209,2018-08-05,0.0,0.11962920875000001
2_47792,2018-08-05,0.0,0.026862739349999998
2_48099,2018-08-05,0.0,0.02165957725
2_49273,2018-08-05,0.0,0.0214125504
2_5450,2018-08-05,0.0,0.025592511249999998
2_5869,2018-08-05,0.0,0.0585371805
2_7781,2018-08-05,0.0,0.07672714750000001
2_79,2018-08-05,0.0,0.08203788725
2_7963,2018-08-05,0.0,0.1348894955
2_8296,2018-08-05,0.0,0.03720184675
2_9124,2018-08-05,0.0,0.017510925375
30_23288,2018-08-05,0.0,0.08133085749999999
30_38300,2018-08-05,0.0,0.0859420785
30_6184,2018-08-05,0.0,0.0474199195
31_10197,2018-08-05,0.0,0.02300682125
31_11148,2018-08-05,0.0,0.025672875749999997
31_1263,2018-08-05,0.0,0.020897021999999998
31_12962,2018-08-05,0.0,0.012935487
31_13255,2018-08-05,0.0,0.02081161775
31_13385,2018-08-05,0.0,0.03696848775
31_13396,2018-08-05,0.0,0.02158845425
31_14386,2018-08-05,0.0,0.016688576625
31_16419,2018-08-05,0.0,0.04077739375
31_23032,2018-08-05,0.0,0.018012522500000003
31_23580,2018-08-05,0.0,0.016501027
31_24303,2018-08-05,0.0,0.029440282999999998
31_28682,2018-08-05,0.0,0.010819950000000002
31_30162,2018-08-05,0.0,0.0275393565
31_30287,2018-08-05,0.0,0.026021969500000002
31_31437,2018-08-05,0.0,0.019828214125
31_32566,2018-08-05,0.0,0.02876746975
31_33944,2018-08-05,0.0,0.02533423475
31_34827,2018-08-05,0.0,0.02074525025
31_36144,2018-08-05,0.0,0.029664175
31_36315,2018-08-05,0.0,0.018805916250000002
31_38318,2018-08-05,0.0,0.032259589500000005
31_3990,2018-08-05,0.0,0.02461538875
31_40865,2018-08-05,0.0,0.027334972
31_41290,2018-08-05,0.0,0.032537050750000004
31_41414,2018-08-05,0.0,0.016342917
31_42352,2018-08-05,0.0,0.0206636575
31_42356,2018-08-05,0.0,0.016620809
31_43252,2018-08-05,0.0,0.03292823475
31_44100,2018-08-05,0.0,0.02355229625
31_46175,2018-08-05,0.0,0.044028799
31_46941,2018-08-05,0.0,0.023508559999999998
31_49573,2018-08-05,0.0,0.02871814425
31_928,2018-08-05,0.0,0.024538883749999997
31_9340,2018-08-05,0.0,0.016853109999999998
35_11140,2018-08-05,0.0,0.016466678
35_12614,2018-08-05,0.0,0.0310806715
35_13988,2018-08-05,0.0,0.032284656499999995
35_16797,2018-08-05,0.0,0.02769318725
35_18150,2018-08-05,0.0,0.0684068445
35_20734,2018-08-05,0.0,0.02504791275
35_21137,2018-08-05,0.0,0.03430520725
35_21267,2018-08-05,0.0,0.065460155
35_21903,2018-08-05,0.0,0.040149095999999995
35_24622,2018-08-05,0.0,0.029968838249999998
35_24852,2018-08-05,0.0,0.0678531765
35_25826,2018-08-05,0.0,0.03472065275
35_25931,2018-08-05,0.0,0.026129141499999998
35_26209,2018-08-05,0.0,0.02662188225
35_27729,2018-08-05,0.0,0.023810161
35_28156,2018-08-05,0.0,0.055826235
35_28289,2018-08-05,0.0,0.028383157
35_2838,2018-08-05,0.0,0.038108759
35_2846,2018-08-05,0.0,0.031017344500000002
35_28785,2018-08-05,0.0,0.03108325
35_31883,2018-08-05,0.0,0.02528312125
35_32030,2018-08-05,0.0,0.0647223225
35_32419,2018-08-05,0.0,0.036039457
35_32611,2018-08-05,0.0,0.028540527750000003
35_34358,2018-08-05,0.0,0.0273040025
35_35343,2018-08-05,0.0,0.030119137500000004
35_37766,2018-08-05,0.0,0.02501059075
35_39275,2018-08-05,0.0,0.036393198
35_42450,2018-08-05,0.0,0.028331969999999998
35_42585,2018-08-05,0.0,0.0483091925
35_42625,2018-08-05,0.0,0.018544474
35_42828,2018-08-05,0.0,0.0216614735
35_44142,2018-08-05,0.0,0.030884514000000002
35_44830,2018-08-05,0.0,0.055649445500000005
35_45066,2018-08-05,0.0,0.040387328
35_45763,2018-08-05,0.0,0.025131149749999998
35_46802,2018-08-05,0.0,0.032787993749999994
35_47766,2018-08-05,0.0,0.042444556499999994
35_47966,2018-08-05,0.0,0.047352956249999995
35_48230,2018-08-05,0.0,0.060147975000000006
35_4942,2018-08-05,0.0,0.06947568949999999
35_5212,2018-08-05,0.0,0.022100649
35_6111,2018-08-05,0.0,0.053955710000000004
35_6384,2018-08-05,0.0,0.0383592065
35_694,2018-08-05,0.0,0.06961664825
35_7969,2018-08-05,0.0,0.04740609075
35_8518,2018-08-05,0.0,0.0597725845
36_1090,2018-08-05,1.0,0.22008178
36_11079,2018-08-05,1.0,0.16295575
36_11223,2018-08-05,0.0,0.10070396000000001
36_12145,2018-08-05,1.0,0.06159040675
36_14852,2018-08-05,0.0,0.05191641075
36_16759,2018-08-05,0.0,0.10789004249999999
36_17072,2018-08-05,0.0,0.061790016249999996
36_20804,2018-08-05,0.0,0.08852254749999999
36_21521,2018-08-05,0.0,0.08285304775
36_22217,2018-08-05,0.0,0.06350605549999999
36_22328,2018-08-05,0.0,0.050881568
36_26313,2018-08-05,0.0,0.0532595925
36_29298,2018-08-05,0.0,0.10146532250000001
36_29675,2018-08-05,0.0,0.072438649
36_31342,2018-08-05,0.0,0.06258374125
36_36824,2018-08-05,0.0,0.06427773225
36_39361,2018-08-05,0.0,0.06681637525
36_41481,2018-08-05,0.0,0.069241471
36_42110,2018-08-05,0.0,0.04305543875
36_42445,2018-08-05,1.0,0.21313787499999998
36_42626,2018-08-05,0.0,0.10748516725
36_4406,2018-08-05,1.0,0.2188184865
36_44233,2018-08-05,0.0,0.053922976000000004
36_44632,2018-08-05,1.0,0.0772252825
36_46995,2018-08-05,0.0,0.12143921125000001
36_47977,2018-08-05,0.0,0.04582603375
36_7367,2018-08-05,0.0,0.058765896250000005
37_10305,2018-08-05,0.0,0.03096930875
37_12099,2018-08-05,0.0,0.15143330375000003
37_12395,2018-08-05,0.0,0.03620554025
37_13110,2018-08-05,0.0,0.05853065175
37_1360,2018-08-05,0.0,0.03443590125
37_13932,2018-08-05,0.0,0.03609501825
37_17794,2018-08-05,0.0,0.02722074725
37_18090,2018-08-05,0.0,0.027337541750000003
37_19511,2018-08-05,0.0,0.023914433
37_21137,2018-08-05,0.0,0.028692251999999998
37_21616,2018-08-05,0.0,0.0425525635
37_21903,2018-08-05,0.0,0.14696557999999998
37_21938,2018-08-05,0.0,0.044024471
37_22825,2018-08-05,0.0,0.1473452575
37_2314,2018-08-05,0.0,0.022966363625
37_23165,2018-08-05,0.0,0.299060705
37_24852,2018-08-05,0.0,0.048995088
37_26369,2018-08-05,0.0,0.02670538625
37_27086,2018-08-05,0.0,0.0479979685
37_27104,2018-08-05,0.0,0.1377178025
37_27521,2018-08-05,0.0,0.1644085275
37_28204,2018-08-05,0.0,0.10670136
37_29898,2018-08-05,0.0,0.026459267749999998
37_30450,2018-08-05,0.0,0.12494527424999999
37_31528,2018-08-05,0.0,0.0437242415
37_33000,2018-08-05,0.0,0.05056770000000001
37_3481,2018-08-05,0.0,0.0251891525
37_35108,2018-08-05,0.0,0.028940706249999996
37_36606,2018-08-05,0.0,0.024284392999999998
37_38159,2018-08-05,0.0,0.0246261175
37_41065,2018-08-05,0.0,0.06375516425
37_4367,2018-08-05,0.0,0.024782830999999998
37_45007,2018-08-05,0.0,0.1443439325
37_45200,2018-08-05,0.0,0.1924619675
37_8518,2018-08-05,0.0,0.03847530425
38_10132,2018-08-05,0.0,0.13577129
38_12442,2018-08-05,0.0,0.0824608275
38_12456,2018-08-05,0.0,0.05835901975
38_12576,2018-08-05,0.0,0.06274321325
38_13712,2018-08-05,0.0,0.05923293649999999
38_14462,2018-08-05,0.0,0.05071808675
38_14947,2018-08-05,0.0,0.2838453525
38_14976,2018-08-05,0.0,0.2025016025
38_16332,2018-08-05,0.0,0.10614409124999999
38_18594,2018-08-05,0.0,0.05975788925
38_18840,2018-08-05,0.0,0.03477731875
38_18849,2018-08-05,0.0,0.0399530915
38_19019,2018-08-05,0.0,0.044487607750000005
38_2086,2018-08-05,0.0,0.045390785
38_21376,2018-08-05,0.0,0.06986738325
38_21709,2018-08-05,0.0,0.0956027375
38_22935,2018-08-05,0.0,0.09397216624999999
38_23233,2018-08-05,0.0,0.03398576925
38_23734,2018-08-05,0.0,0.206667995
38_23909,2018-08-05,0.0,0.048446159
38_24499,2018-08-05,0.0,0.08127428875
38_26209,2018-08-05,0.0,0.17449429
38_26369,2018-08-05,0.0,0.1121943725
38_26620,2018-08-05,0.0,0.2178631
38_26683,2018-08-05,0.0,0.290756565
38_26738,2018-08-05,0.0,0.03897925325
38_27086,2018-08-05,0.0,0.18393668
38_27344,2018-08-05,0.0,0.0578145625
38_27509,2018-08-05,0.0,0.329233365
38_28123,2018-08-05,0.0,0.088912965
38_29311,2018-08-05,0.0,0.04736742050000001
38_29987,2018-08-05,0.0,0.0488428705
38_31343,2018-08-05,0.0,0.1081068385
38_32655,2018-08-05,0.0,0.13040778
38_32839,2018-08-05,0.0,0.03380727375
38_3397,2018-08-05,0.0,0.1924111575
38_34635,2018-08-05,0.0,0.036300888749999996
38_3469,2018-08-05,0.0,0.069312448
38_35383,2018-08-05,0.0,0.06934850325
38_37119,2018-08-05,0.0,0.0582746725
38_38012,2018-08-05,0.0,0.09162108
38_42342,2018-08-05,0.0,0.03914631925
38_43304,2018-08-05,0.0,0.05838545975
38_44769,2018-08-05,0.0,0.0632940335
38_45437,2018-08-05,0.0,0.03877873925
38_47209,2018-08-05,0.0,0.2573361775
38_47672,2018-08-05,0.0,0.07736884025
38_5031,2018-08-05,0.0,0.15276554625
38_5499,2018-08-05,0.0,0.093573288
38_5646,2018-08-05,0.0,0.07793337775
38_6736,2018-08-05,0.0,0.04279140425
38_6873,2018-08-05,0.0,0.062129102750000005
38_7358,2018-08-05,0.0,0.2050856765
38_7948,2018-08-05,0.0,0.086250726
38_8193,2018-08-05,0.0,0.029542187749999997
38_8854,2018-08-05,0.0,0.03958281925
38_9666,2018-08-05,0.0,0.0504731965
3_1005,2018-08-05,0.0,0.0313614915
3_16797,2018-08-05,0.0,0.029317430499999998
3_17668,2018-08-05,0.0,0.03412981875
3_18599,2018-08-05,0.0,0.04993002325
3_21903,2018-08-05,0.0,0.0458887975
3_23650,2018-08-05,0.0,0.0455344275
3_24810,2018-08-05,0.0,0.045840172500000005
3_32402,2018-08-05,0.0,0.03472672325
3_39190,2018-08-05,0.0,0.06611193075
3_43961,2018-08-05,0.0,0.04384285
3_47766,2018-08-05,0.0,0.0627956665
3_48523,2018-08-05,0.0,0.024872897499999998
40_13176,2018-08-05,0.0,0.02920965875
40_16965,2018-08-05,0.0,0.03051319375
40_17044,2018-08-05,0.0,0.035333405750000005
40_21567,2018-08-05,0.0,0.03170593525
40_22035,2018-08-05,0.0,0.033267221
40_24799,2018-08-05,0.0,0.033222615
40_25072,2018-08-05,0.0,0.03153127325
40_25246,2018-08-05,0.0,0.034099927749999995
40_25999,2018-08-05,0.0,0.030118096500000004
40_27555,2018-08-05,0.0,0.042135977000000005
40_29926,2018-08-05,0.0,0.0299366785
40_34217,2018-08-05,0.0,0.03349003774999999
40_39928,2018-08-05,0.0,0.03546855499999999
40_41844,2018-08-05,0.0,0.0173113825
40_5699,2018-08-05,0.0,0.026494643249999998
40_6975,2018-08-05,0.0,0.025523236749999997
41_11512,2018-08-05,0.0,0.0228509385
41_13176,2018-08-05,0.0,0.029226931999999997
41_2295,2018-08-05,0.0,0.01784740875
41_26384,2018-08-05,0.0,0.023686824000000002
41_28985,2018-08-05,0.0,0.036340212
41_29180,2018-08-05,0.0,0.02569693775
41_34496,2018-08-05,0.0,0.02237235025
41_40198,2018-08-05,0.0,0.03018762925
41_45104,2018-08-05,0.0,0.02524485175
41_46886,2018-08-05,0.0,0.027903642750000002
41_49533,2018-08-05,0.0,0.019045337500000002
41_5383,2018-08-05,0.0,0.0216589165
41_9339,2018-08-05,0.0,0.022395871
42_12381,2018-08-05,0.0,0.10080015875000001
42_1263,2018-08-05,0.0,0.05247874849999999
42_13187,2018-08-05,0.0,0.05235944325
42_18439,2018-08-05,0.0,0.2601723275
42_19585,2018-08-05,0.0,0.096912265
42_21925,2018-08-05,0.0,0.047016469000000005
42_22559,2018-08-05,0.0,0.03242567725
42_23148,2018-08-05,0.0,0.058947655249999995
42_23410,2018-08-05,0.0,0.17665546
42_23909,2018-08-05,0.0,0.052253487
42_24098,2018-08-05,0.0,0.3549245675
42_26312,2018-08-05,0.0,0.047849540999999995
42_27796,2018-08-05,0.0,0.04857078125
42_28198,2018-08-05,0.0,0.0564850355
42_30353,2018-08-05,0.0,0.307246045
42_30511,2018-08-05,0.0,0.05002103825
42_31406,2018-08-05,0.0,0.045877132
42_33394,2018-08-05,0.0,0.11223459375
42_37055,2018-08-05,0.0,0.03876277375
42_39275,2018-08-05,0.0,0.353711115
42_46650,2018-08-05,0.0,0.0586401325
42_46847,2018-08-05,0.0,0.04747462625
42_6825,2018-08-05,0.0,0.06200470775
42_8866,2018-08-05,0.0,0.3126583475
42_9290,2018-08-05,0.0,0.32503234
43_10246,2018-08-05,0.0,0.016724357000000002
43_11233,2018-08-05,0.0,0.03003677525
43_11777,2018-08-05,0.0,0.02617540575
43_15599,2018-08-05,0.0,0.026305972499999997
43_1667,2018-08-05,0.0,0.02545635475
43_16797,2018-08-05,0.0,0.02478255
43_19348,2018-08-05,0.0,0.02852529175
43_19691,2018-08-05,0.0,0.021536664
43_21288,2018-08-05,0.0,0.02514425
43_22117,2018-08-05,0.0,0.02501124625
43_24852,2018-08-05,0.0,0.0344865015
43_25272,2018-08-05,0.0,0.0268888395
43_29223,2018-08-05,0.0,0.03956026
43_3452,2018-08-05,0.0,0.01918772975
43_36784,2018-08-05,0.0,0.029967633
43_38456,2018-08-05,0.0,0.02132881875
43_41273,2018-08-05,0.0,0.02676438875
43_44570,2018-08-05,0.0,0.029997175
43_45116,2018-08-05,0.0,0.02689665625
43_47941,2018-08-05,0.0,0.023315917999999998
43_48205,2018-08-05,0.0,0.02949959425
43_48645,2018-08-05,0.0,0.024971010749999998
43_4920,2018-08-05,0.0,0.02076220225
43_6074,2018-08-05,0.0,0.031825062749999994
43_6352,2018-08-05,0.0,0.01937786575
46_13536,2018-08-05,0.0,0.21687402500000003
46_13733,2018-08-05,0.0,0.18150608750000002
46_13802,2018-08-05,0.0,0.12649057000000002
46_14814,2018-08-05,0.0,0.0831860555
46_15017,2018-08-05,0.0,0.074224227
46_15290,2018-08-05,0.0,0.049342156750000005
46_16797,2018-08-05,0.0,0.227117375
46_19886,2018-08-05,0.0,0.0828449745
46_21781,2018-08-05,0.0,0.0811257975
46_22395,2018-08-05,0.0,0.0691228925
46_22610,2018-08-05,0.0,0.07807917125
46_22959,2018-08-05,0.0,0.113615035
46_24097,2018-08-05,0.0,0.0518520915
46_24525,2018-08-05,0.0,0.074774414
46_24852,2018-08-05,0.0,0.198865116
46_25670,2018-08-05,0.0,0.0626552875
46_26152,2018-08-05,0.0,0.06340657225
46_32857,2018-08-05,0.0,0.21434828250000001
46_33379,2018-08-05,0.0,0.07455641425000001
46_35921,2018-08-05,0.0,0.06762840075
46_38775,2018-08-05,0.0,0.17389753
46_39993,2018-08-05,0.0,0.075833835
46_40574,2018-08-05,0.0,0.08612529175
46_40925,2018-08-05,0.0,0.06454251325
46_41164,2018-08-05,0.0,0.044703862500000004
46_42987,2018-08-05,0.0,0.1714323975
46_45009,2018-08-05,0.0,0.1867695825
46_45961,2018-08-05,0.0,0.09344574750000001
46_47893,2018-08-05,0.0,0.06664497050000001
46_6934,2018-08-05,0.0,0.047284715000000005
46_8670,2018-08-05,0.0,0.0951724125
48_11046,2018-08-05,0.0,0.04124857325
48_11140,2018-08-05,0.0,0.06052418375
48_11453,2018-08-05,0.0,0.0878813
48_17284,2018-08-05,0.0,0.054265411
48_17720,2018-08-05,0.0,0.09036179650000001
48_19508,2018-08-05,0.0,0.08379688225
48_20339,2018-08-05,0.0,0.06520971625000001
48_21405,2018-08-05,0.0,0.0694968025
48_21616,2018-08-05,0.0,0.062412287
48_22395,2018-08-05,0.0,0.113431259
48_23909,2018-08-05,0.0,0.0519131825
48_24940,2018-08-05,0.0,0.06820540675
48_25879,2018-08-05,0.0,0.058754498249999995
48_26209,2018-08-05,0.0,0.150256949
48_26298,2018-08-05,0.0,0.052901651499999994
48_27156,2018-08-05,0.0,0.05369936475
48_27625,2018-08-05,0.0,0.05972817425
48_29287,2018-08-05,0.0,0.039166826749999994
48_31506,2018-08-05,0.0,0.06588174325
48_32177,2018-08-05,0.0,0.052452967
48_33000,2018-08-05,0.0,0.0623304725
48_33002,2018-08-05,0.0,0.0620254375
48_33731,2018-08-05,0.0,0.039951690500000005
48_34012,2018-08-05,0.0,0.046647618249999995
48_34137,2018-08-05,0.0,0.069140247
48_35855,2018-08-05,0.0,0.07867669175
48_37065,2018-08-05,0.0,0.2287829575
48_41238,2018-08-05,0.0,0.075070102
48_42768,2018-08-05,0.0,0.050239297
48_43165,2018-08-05,0.0,0.08809312700000001
48_43662,2018-08-05,0.0,0.07764354500000001
48_43961,2018-08-05,0.0,0.050988044999999996
48_43999,2018-08-05,0.0,0.06396084425000001
48_44262,2018-08-05,0.0,0.09862111024999999
48_4455,2018-08-05,0.0,0.1535422575
48_44636,2018-08-05,0.0,0.05505290875
48_4487,2018-08-05,0.0,0.049039399
48_45007,2018-08-05,0.0,0.09371809275000001
48_45066,2018-08-05,0.0,0.08111865174999999
48_46979,2018-08-05,0.0,0.06595274675
48_47823,2018-08-05,0.0,0.0554858495
48_4855,2018-08-05,0.0,0.06025205325
48_49683,2018-08-05,0.0,0.086530027
48_5450,2018-08-05,0.0,0.11779979900000001
48_5621,2018-08-05,0.0,0.06378530674999999
48_8057,2018-08-05,0.0,0.11505492199999999
48_8518,2018-08-05,0.0,0.09673695875
49_10241,2018-08-05,0.0,0.029681446
49_10336,2018-08-05,0.0,0.03328483125
49_10492,2018-08-05,0.0,0.044078157750000006
49_13431,2018-08-05,0.0,0.040224892
49_1376,2018-08-05,0.0,0.04434903925
49_148,2018-08-05,0.0,0.0596839145
49_14901,2018-08-05,0.0,0.024784162749999998
49_16797,2018-08-05,0.0,0.11480008
49_17487,2018-08-05,0.0,0.028327783375
49_1752,2018-08-05,0.0,0.049412029249999996
49_21938,2018-08-05,0.0,0.03590002475
49_24231,2018-08-05,0.0,0.04844867475
49_24516,2018-08-05,0.0,0.03480342125
49_25919,2018-08-05,0.0,0.03296045
49_27086,2018-08-05,0.0,0.13204313625000003
49_2846,2018-08-05,0.0,0.04808855325
49_31467,2018-08-05,0.0,0.03797510275
49_33184,2018-08-05,0.0,0.03654415675
49_35833,2018-08-05,0.0,0.15042752850000002
49_35956,2018-08-05,0.0,0.1587492975
49_37646,2018-08-05,0.0,0.043849954
49_38400,2018-08-05,0.0,0.041197725500000004
49_41950,2018-08-05,0.0,0.0507882865
49_42904,2018-08-05,0.0,0.028629087999999997
49_4317,2018-08-05,0.0,0.037559246250000004
49_44359,2018-08-05,0.0,0.0378547725
49_44486,2018-08-05,0.0,0.03603574675
49_45007,2018-08-05,0.0,0.06662594
49_46680,2018-08-05,0.0,0.023164754250000003
49_47788,2018-08-05,0.0,0.03841605475
49_49141,2018-08-05,0.0,0.15665077
49_49683,2018-08-05,0.0,0.05389471075
49_7644,2018-08-05,0.0,0.049451123
50_12409,2018-08-05,0.0,0.06089032400000001
50_14955,2018-08-05,0.0,0.0702307735
50_17974,2018-08-05,0.0,0.2100131825
50_19678,2018-08-05,0.0,0.093133469
50_20367,2018-08-05,0.0,0.43456641
50_21174,2018-08-05,0.0,0.092683259
50_2132,2018-08-05,0.0,0.11356273900000001
50_21903,2018-08-05,0.0,0.15153589875
50_22935,2018-08-05,0.0,0.1007886875
50_23165,2018-08-05,0.0,0.13936510400000002
50_26427,2018-08-05,0.0,0.215019375
50_27959,2018-08-05,0.0,0.06568391700000001
50_30909,2018-08-05,0.0,0.1053813475
50_31528,2018-08-05,0.0,0.06973763725
50_34126,2018-08-05,0.0,0.08821209225
50_34243,2018-08-05,0.0,0.070221702
50_37852,2018-08-05,0.0,0.0534869305
50_40709,2018-08-05,0.0,0.09547389
50_41950,2018-08-05,0.0,0.2231970625
50_42127,2018-08-05,0.0,0.05047014625
50_45007,2018-08-05,0.0,0.332218815
50_46069,2018-08-05,0.0,0.0589512115
50_46667,2018-08-05,0.0,0.05837464325
50_47018,2018-08-05,0.0,0.3307867425
50_47209,2018-08-05,0.0,0.283812465
50_47601,2018-08-05,0.0,0.10794280625
50_47734,2018-08-05,0.0,0.05411351675
50_48722,2018-08-05,0.0,0.05398803125
50_48775,2018-08-05,0.0,0.06155495
50_48857,2018-08-05,0.0,0.055042347000000005
50_5612,2018-08-05,0.0,0.5582352875
50_5922,2018-08-05,0.0,0.065534679
50_6182,2018-08-05,0.0,0.5092390425
50_6341,2018-08-05,0.0,0.1712995
50_7054,2018-08-05,0.0,0.05333343574999999
50_8518,2018-08-05,0.0,0.034083431
50_9666,2018-08-05,0.0,0.056336161999999995
52_10441,2018-08-05,0.0,0.10879480750000001
52_10606,2018-08-05,0.0,0.0774513255
52_11266,2018-08-05,0.0,0.08697440125
52_12341,2018-08-05,0.0,0.08362109425
52_12427,2018-08-05,0.0,0.43720411000000003
52_13259,2018-08-05,0.0,0.052222348749999994
52_14444,2018-08-05,0.0,0.08714712275
52_17122,2018-08-05,0.0,0.047853067
52_17231,2018-08-05,0.0,0.068994325
52_18000,2018-08-05,0.0,0.134032175
52_18023,2018-08-05,0.0,0.070267708
52_196,2018-08-05,0.0,0.140418655
52_20004,2018-08-05,0.0,0.094893649
52_27790,2018-08-05,0.0,0.112219669
52_27839,2018-08-05,0.0,0.051966338
52_29794,2018-08-05,0.0,0.0667772845
52_30450,2018-08-05,0.0,0.08704873825
52_30591,2018-08-05,0.0,0.4216898925
52_3298,2018-08-05,0.0,0.07493075375
52_35951,2018-08-05,0.0,0.07766722625
52_37104,2018-08-05,0.0,0.09902754675
52_38928,2018-08-05,0.0,0.06737742125
52_39408,2018-08-05,0.0,0.04672501775
52_40063,2018-08-05,0.0,0.05385965625
52_41400,2018-08-05,0.0,0.1220425125
52_41787,2018-08-05,0.0,0.06287394774999999
52_42489,2018-08-05,0.0,0.5227624525
52_45920,2018-08-05,0.0,0.050616261499999995
52_46061,2018-08-05,0.0,0.04886374475
52_46149,2018-08-05,0.0,0.0735284725
52_46516,2018-08-05,0.0,0.09523741324999999
52_49083,2018-08-05,0.0,0.05190133525
52_49235,2018-08-05,0.0,0.07557369
52_49243,2018-08-05,0.0,0.07615940025
52_5312,2018-08-05,0.0,0.41942341250000004
52_6184,2018-08-05,0.0,0.12453880749999999
52_8013,2018-08-05,0.0,0.080645563
52_8048,2018-08-05,0.0,0.08347842824999999
52_8802,2018-08-05,0.0,0.42621299499999993
54_10108,2018-08-05,0.0,0.10506548700000001
54_1025,2018-08-05,0.0,0.06233319749999999
54_10492,2018-08-05,0.0,0.04677723175000001
54_1063,2018-08-05,0.0,0.0731270235
54_11408,2018-08-05,0.0,0.047122368
54_1158,2018-08-05,0.0,0.02930309025
54_11913,2018-08-05,0.0,0.275338395
54_12023,2018-08-05,0.0,0.236502875
54_12113,2018-08-05,0.0,0.07675868425000001
54_12974,2018-08-05,0.0,0.0906141375
54_13170,2018-08-05,0.0,0.087303225
54_13198,2018-08-05,0.0,0.213134045
54_1359,2018-08-05,0.0,0.0844861385
54_13780,2018-08-05,0.0,0.07333583325000001
54_14462,2018-08-05,0.0,0.0695433215
54_14947,2018-08-05,0.0,0.06896904875
54_14992,2018-08-05,0.0,0.035450495750000005
54_15261,2018-08-05,0.0,0.028887626750000003
54_15937,2018-08-05,0.0,0.06581238
54_16185,2018-08-05,0.0,0.05619784775
54_16521,2018-08-05,0.0,0.07299844075
54_16808,2018-08-05,0.0,0.048482157250000005
54_17638,2018-08-05,0.0,0.11218507750000001
54_17948,2018-08-05,0.0,0.031666111749999996
54_18382,2018-08-05,0.0,0.0785730125
54_18471,2018-08-05,0.0,0.080643262
54_18531,2018-08-05,0.0,0.399430295
54_19508,2018-08-05,0.0,0.086102052
54_19724,2018-08-05,0.0,0.0774343325
54_20840,2018-08-05,0.0,0.044985952499999995
54_20842,2018-08-05,0.0,0.036598358750000004
54_21009,2018-08-05,0.0,0.07478316474999999
54_21616,2018-08-05,0.0,0.11876350625
54_21709,2018-08-05,0.0,0.08356795875
54_21908,2018-08-05,0.0,0.08539144125
54_22142,2018-08-05,0.0,0.1981507625
54_22475,2018-08-05,0.0,0.053692852
54_22935,2018-08-05,0.0,0.2304356225
54_23181,2018-08-05,0.0,0.0464271685
54_23375,2018-08-05,0.0,0.21443836500000002
54_23537,2018-08-05,0.0,0.068163904
54_23543,2018-08-05,0.0,0.06312587475
54_23734,2018-08-05,0.0,0.19100257499999998
54_24279,2018-08-05,0.0,0.08788091625
54_24830,2018-08-05,0.0,0.05897124125
54_24852,2018-08-05,0.0,0.232507605
54_24964,2018-08-05,0.0,0.383555465
54_25588,2018-08-05,0.0,0.0425726
54_25640,2018-08-05,0.0,0.041297622
54_25890,2018-08-05,0.0,0.08243030525
54_26165,2018-08-05,0.0,0.2156233675
54_26209,2018-08-05,0.0,0.054492172250000005
54_26347,2018-08-05,0.0,0.0761110245
54_27104,2018-08-05,0.0,0.0812980345
54_27171,2018-08-05,0.0,0.0439751375
54_27243,2018-08-05,0.0,0.20376987000000002
54_27451,2018-08-05,0.0,0.06263276300000001
54_27544,2018-08-05,0.0,0.092694289
54_28204,2018-08-05,0.0,0.46209686499999997
54_28330,2018-08-05,0.0,0.05073943475
54_28785,2018-08-05,0.0,0.06466093225
54_28842,2018-08-05,0.0,0.19315468749999998
54_28849,2018-08-05,0.0,0.050330945
54_28851,2018-08-05,0.0,0.046282134
54_29007,2018-08-05,0.0,0.1556210125
54_29487,2018-08-05,0.0,0.07731397000000001
54_29675,2018-08-05,0.0,0.44378055
54_30480,2018-08-05,0.0,0.0538537425
54_30489,2018-08-05,0.0,0.049278136
54_31506,2018-08-05,0.0,0.05653024399999999
54_32557,2018-08-05,0.0,0.042531825
54_32578,2018-08-05,0.0,0.09277068899999999
54_33290,2018-08-05,0.0,0.06210996
54_33468,2018-08-05,0.0,0.061229002000000005
54_34050,2018-08-05,0.0,0.10482036
54_34126,2018-08-05,0.0,0.09890420925
54_34128,2018-08-05,0.0,0.0736848835
54_34356,2018-08-05,0.0,0.0536234245
54_34590,2018-08-05,0.0,0.05188834924999999
54_3464,2018-08-05,0.0,0.05723202375
54_3494,2018-08-05,0.0,0.08113092875
54_35221,2018-08-05,0.0,0.1535736875
54_35855,2018-08-05,0.0,0.17307978749999997
54_35939,2018-08-05,0.0,0.053888327750000006
54_36011,2018-08-05,0.0,0.21131252
54_36116,2018-08-05,0.0,0.0858319415
54_37213,2018-08-05,0.0,0.04312202075
54_38067,2018-08-05,0.0,0.06217976274999999
54_38231,2018-08-05,0.0,0.45744361499999997
54_38266,2018-08-05,0.0,0.04082363975
54_38293,2018-08-05,0.0,0.038645185
54_38400,2018-08-05,0.0,0.02816504675
54_39180,2018-08-05,0.0,0.07443103574999999
54_39558,2018-08-05,0.0,0.029671426
54_3989,2018-08-05,0.0,0.07348949025
54_40377,2018-08-05,0.0,0.082274719
54_40476,2018-08-05,0.0,0.07225759999999999
54_40706,2018-08-05,0.0,0.073483941
54_41035,2018-08-05,0.0,0.049409229250000006
54_42364,2018-08-05,0.0,0.2605540275
54_42736,2018-08-05,0.0,0.0918482375
54_42768,2018-08-05,0.0,0.04446028925
54_44142,2018-08-05,0.0,0.09940750500000001
54_44422,2018-08-05,0.0,0.050613807999999996
54_44514,2018-08-05,0.0,0.051419168749999994
54_45535,2018-08-05,0.0,0.07277022
54_4562,2018-08-05,0.0,0.084741395
54_45771,2018-08-05,0.0,0.04063042875
54_45801,2018-08-05,0.0,0.10275352
54_45918,2018-08-05,0.0,0.058526206000000004
54_46045,2018-08-05,0.0,0.087502037
54_46667,2018-08-05,0.0,0.063762338
54_4679,2018-08-05,0.0,0.05242654425
54_47626,2018-08-05,0.0,0.1046755295
54_47766,2018-08-05,0.0,0.26668165499999996
54_4796,2018-08-05,0.0,0.10487628925
54_48697,2018-08-05,0.0,0.07267844500000001
54_49383,2018-08-05,0.0,0.4944064725
54_49424,2018-08-05,0.0,0.07443452275
54_49585,2018-08-05,0.0,0.4336695275
54_49683,2018-08-05,0.0,0.044022862999999995
54_5025,2018-08-05,0.0,0.2420982425
54_5337,2018-08-05,0.0,0.40381653
54_5746,2018-08-05,0.0,0.04240068175
54_5769,2018-08-05,0.0,0.251740685
54_6129,2018-08-05,0.0,0.07609472275
54_6141,2018-08-05,0.0,0.049820264249999996
54_6638,2018-08-05,0.0,0.24700338
54_7021,2018-08-05,0.0,0.06379237125
54_7461,2018-08-05,0.0,0.06571288850000001
54_7500,2018-08-05,0.0,0.05896290375
54_7620,2018-08-05,0.0,0.0409565145
54_8021,2018-08-05,0.0,0.07895404225
54_8239,2018-08-05,0.0,0.06784527025
54_8518,2018-08-05,0.0,0.06911383075000001
54_8670,2018-08-05,0.0,0.06718606325
54_8903,2018-08-05,0.0,0.05253261175
54_952,2018-08-05,0.0,0.041963523749999995
55_1244,2018-08-05,0.0,0.048481075
55_13740,2018-08-05,0.0,0.04116230775
55_17616,2018-08-05,0.0,0.03516277625
55_18175,2018-08-05,0.0,0.052626976000000006
55_21333,2018-08-05,0.0,0.028382724125
55_23029,2018-08-05,0.0,0.04003426125
55_39491,2018-08-05,0.0,0.03674541225
55_42460,2018-08-05,0.0,0.0295626315
55_43352,2018-08-05,0.0,0.0250258025
55_4658,2018-08-05,0.0,0.039322795
55_46906,2018-08-05,0.0,0.03318943375
55_47672,2018-08-05,0.0,0.03001568275
55_49235,2018-08-05,0.0,0.0344025235
55_5194,2018-08-05,0.0,0.02891849775
55_7413,2018-08-05,0.0,0.040892351
55_7781,2018-08-05,0.0,0.039622858250000004
57_34429,2018-08-05,0.0,0.04079521775
57_35163,2018-08-05,0.0,0.04772497975
57_40706,2018-08-05,0.0,0.029782826999999998
57_41896,2018-08-05,0.0,0.033747394
57_42828,2018-08-05,0.0,0.03115666
57_4302,2018-08-05,0.0,0.036481189250000004
57_45646,2018-08-05,0.0,0.03573332
57_8193,2018-08-05,0.0,0.032197023
58_10813,2018-08-05,0.0,0.02086306225
58_11408,2018-08-05,0.0,0.0248882835
58_14163,2018-08-05,0.0,0.02646683375
58_14197,2018-08-05,0.0,0.025865002999999998
58_14454,2018-08-05,0.0,0.025724067
58_14536,2018-08-05,0.0,0.025969665749999996
58_14818,2018-08-05,0.0,0.057133776
58_24703,2018-08-05,0.0,0.02155915025
58_32700,2018-08-05,0.0,0.0301892685
58_39321,2018-08-05,0.0,0.043054476499999994
58_40411,2018-08-05,0.0,0.0333852065
58_43183,2018-08-05,0.0,0.037034072
58_49227,2018-08-05,0.0,0.03435923425
58_5727,2018-08-05,0.0,0.026071772750000003
58_622,2018-08-05,0.0,0.0301908535
58_7628,2018-08-05,0.0,0.029398801750000002
58_8193,2018-08-05,0.0,0.029905137999999998
59_11140,2018-08-05,0.0,0.040360968
59_1244,2018-08-05,0.0,0.06096945025
59_13176,2018-08-05,0.0,0.08200246675
59_14211,2018-08-05,0.0,0.0700827175
59_17162,2018-08-05,0.0,0.031019478250000003
59_17948,2018-08-05,0.0,0.048148581249999996
59_19057,2018-08-05,0.0,0.076739156
59_21137,2018-08-05,0.0,0.06010000325
59_22912,2018-08-05,0.0,0.042546627749999996
59_24838,2018-08-05,0.0,0.0547764275
59_25886,2018-08-05,0.0,0.0500330385
59_34126,2018-08-05,0.0,0.054580053
59_34969,2018-08-05,0.0,0.07108153725000001
59_3545,2018-08-05,0.0,0.055006843
59_39468,2018-08-05,0.0,0.055305427
59_3951,2018-08-05,0.0,0.044780912750000006
59_40545,2018-08-05,0.0,0.06250587175
59_41273,2018-08-05,0.0,0.05318837925
59_4472,2018-08-05,0.0,0.0484885375
59_45007,2018-08-05,0.0,0.0704996615
59_45106,2018-08-05,0.0,0.03968396075
59_45763,2018-08-05,0.0,0.04530267375
59_47209,2018-08-05,0.0,0.057909415
59_47888,2018-08-05,0.0,0.044219651750000005
59_49044,2018-08-05,0.0,0.04756285475000001
59_4920,2018-08-05,0.0,0.05390511025
59_5646,2018-08-05,0.0,0.03790813075
59_7009,2018-08-05,0.0,0.050119832
59_8574,2018-08-05,0.0,0.0428802305
59_8912,2018-08-05,0.0,0.05362404925
60_13176,2018-08-05,0.0,0.06325648625
60_13730,2018-08-05,0.0,0.04237031575
60_160,2018-08-05,0.0,0.0425873415
60_16797,2018-08-05,0.0,0.04874232575
60_18234,2018-08-05,0.0,0.05508823225000001
60_20842,2018-08-05,0.0,0.04555821825
60_22035,2018-08-05,0.0,0.036298144500000004
60_24838,2018-08-05,0.0,0.0592953915
60_26351,2018-08-05,0.0,0.06578056375
60_28058,2018-08-05,0.0,0.04618673375
60_28550,2018-08-05,0.0,0.057014662499999993
60_40310,2018-08-05,0.0,0.0514213515
60_4269,2018-08-05,0.0,0.04981615475
60_4461,2018-08-05,0.0,0.06872443125
60_46667,2018-08-05,0.0,0.050220744
60_47766,2018-08-05,0.0,0.049701536750000004
60_49131,2018-08-05,0.0,0.040876880750000004
60_4983,2018-08-05,0.0,0.04963406675
60_5428,2018-08-05,0.0,0.05906753825
60_5692,2018-08-05,0.0,0.0403272685
62_11777,2018-08-05,0.0,0.054830644250000005
62_12745,2018-08-05,0.0,0.055218854000000005
62_21137,2018-08-05,0.0,0.0389870135
62_21903,2018-08-05,0.0,0.030303646749999996
62_22007,2018-08-05,0.0,0.029451715250000003
62_23233,2018-08-05,0.0,0.0275054405
62_24184,2018-08-05,0.0,0.0337460605
62_24852,2018-08-05,0.0,0.0344054435
62_30020,2018-08-05,0.0,0.041298223
62_30233,2018-08-05,0.0,0.04415641175
62_30463,2018-08-05,0.0,0.04342363875000001
62_34584,2018-08-05,0.0,0.04639663125
62_3481,2018-08-05,0.0,0.0273364025
62_35217,2018-08-05,0.0,0.03784873849999999
62_36011,2018-08-05,0.0,0.0429241915
62_36929,2018-08-05,0.0,0.03263268325
62_39121,2018-08-05,0.0,0.059303426750000006
62_3952,2018-08-05,0.0,0.044482112
62_41376,2018-08-05,0.0,0.035240181499999995
62_42425,2018-08-05,0.0,0.040108017249999996
62_46979,2018-08-05,0.0,0.050675274
62_49075,2018-08-05,0.0,0.0369284705
62_7628,2018-08-05,0.0,0.0319866665
62_8022,2018-08-05,0.0,0.039701970749999996
62_8518,2018-08-05,0.0,0.0469049005
62_95,2018-08-05,0.0,0.03943932725
63_10048,2018-08-05,0.0,0.024262468500000002
63_11005,2018-08-05,0.0,0.0465309525
63_11182,2018-08-05,0.0,0.027747557
63_11512,2018-08-05,0.0,0.17540803
63_12036,2018-08-05,0.0,0.024415841
63_12456,2018-08-05,0.0,0.08072425350000001
63_12935,2018-08-05,0.0,0.1716712015
63_13176,2018-08-05,0.0,0.325938925
63_14129,2018-08-05,0.0,0.061190998999999996
63_14335,2018-08-05,0.0,0.0931844225
63_1463,2018-08-05,0.0,0.5455226824999999
63_14717,2018-08-05,0.0,0.0448282275
63_15438,2018-08-05,0.0,0.04370481875
63_16349,2018-08-05,0.0,0.0531716375
63_16726,2018-08-05,0.0,0.0722341745
63_16797,2018-08-05,0.0,0.0691681535
63_16973,2018-08-05,0.0,0.02222135475
63_17807,2018-08-05,0.0,0.039761992499999996
63_17948,2018-08-05,0.0,0.034664626500000004
63_18027,2018-08-05,0.0,0.032054165
63_18095,2018-08-05,0.0,0.03526989225
63_18288,2018-08-05,0.0,0.56447955
63_19180,2018-08-05,0.0,0.04752311050000001
63_19678,2018-08-05,0.0,0.046324249
63_1994,2018-08-05,0.0,0.022401845749999996
63_20734,2018-08-05,0.0,0.019082080375
63_21057,2018-08-05,0.0,0.027209185250000004
63_21137,2018-08-05,0.0,0.620306035
63_21614,2018-08-05,0.0,0.01724957675
63_21903,2018-08-05,0.0,0.18155160750000002
63_2205,2018-08-05,0.0,0.10253373399999999
63_2228,2018-08-05,0.0,0.056139469250000004
63_22658,2018-08-05,0.0,0.0397785825
63_22883,2018-08-05,0.0,0.01616098975
63_22922,2018-08-05,0.0,0.024470125250000002
63_22935,2018-08-05,0.0,0.31611287749999994
63_22963,2018-08-05,0.0,0.0319019895
63_2309,2018-08-05,0.0,0.047496116500000005
63_23291,2018-08-05,0.0,0.05867091375
63_23323,2018-08-05,0.0,0.047510463
63_24009,2018-08-05,0.0,0.073831206
63_24184,2018-08-05,0.0,0.035576451999999995
63_24318,2018-08-05,0.0,0.021762661750000002
63_2435,2018-08-05,0.0,0.02414673475
63_24489,2018-08-05,0.0,0.09179058325
63_24964,2018-08-05,0.0,0.17009001149999997
63_25005,2018-08-05,0.0,0.059671021500000004
63_25552,2018-08-05,0.0,0.02168195875
63_25598,2018-08-05,0.0,0.105862575
63_25659,2018-08-05,0.0,0.09939242649999999
63_26131,2018-08-05,0.0,0.02553881625
63_2651,2018-08-05,0.0,0.36957290249999997
63_27104,2018-08-05,0.0,0.049563948999999996
63_27437,2018-08-05,0.0,0.028350454249999997
63_27554,2018-08-05,0.0,0.03446862325
63_27730,2018-08-05,0.0,0.03362584025
63_27744,2018-08-05,0.0,0.22401562249999998
63_28849,2018-08-05,0.0,0.06421155575000001
63_29127,2018-08-05,0.0,0.03715043275
63_29874,2018-08-05,0.0,0.3865551225
63_29926,2018-08-05,0.0,0.0416551335
63_30233,2018-08-05,0.0,0.06716507275
63_30489,2018-08-05,0.0,0.05096915874999999
63_30639,2018-08-05,0.0,0.0597490435
63_31338,2018-08-05,0.0,0.04581842725
63_31506,2018-08-05,0.0,0.1736174185
63_31577,2018-08-05,0.0,0.028362593
63_32052,2018-08-05,0.0,0.0140018495
63_32299,2018-08-05,0.0,0.021689504
63_32655,2018-08-05,0.0,0.043557658250000006
63_33100,2018-08-05,0.0,0.0473190055
63_33636,2018-08-05,0.0,0.03535486875
63_33719,2018-08-05,0.0,0.040923233499999996
63_34213,2018-08-05,0.0,0.034341153750000006
63_34217,2018-08-05,0.0,0.033435827
63_35140,2018-08-05,0.0,0.04517496175
63_36082,2018-08-05,0.0,0.06087520075
63_36735,2018-08-05,0.0,0.02566902125
63_38061,2018-08-05,0.0,0.0263823755
63_38427,2018-08-05,0.0,0.38244640750000003
63_38488,2018-08-05,0.0,0.050523844
63_38508,2018-08-05,0.0,0.0810345325
63_38650,2018-08-05,0.0,0.05780349575
63_39097,2018-08-05,0.0,0.04148084575
63_39699,2018-08-05,0.0,0.03288912425
63_39799,2018-08-05,0.0,0.199306535
63_39877,2018-08-05,0.0,0.1097302875
63_39980,2018-08-05,0.0,0.38854960000000005
63_40198,2018-08-05,0.0,0.028503259250000003
63_40229,2018-08-05,0.0,0.026796624499999998
63_40691,2018-08-05,0.0,0.015036176125
63_41220,2018-08-05,0.0,0.02077752875
63_4149,2018-08-05,0.0,0.0423338675
63_41618,2018-08-05,0.0,0.03659875675
63_41909,2018-08-05,0.0,0.330821375
63_41990,2018-08-05,0.0,0.05264630199999999
63_42110,2018-08-05,0.0,0.029209897
63_42294,2018-08-05,0.0,0.0534346365
63_42445,2018-08-05,0.0,0.1052431075
63_42450,2018-08-05,0.0,0.0413104725
63_42697,2018-08-05,0.0,0.042155502250000004
63_42768,2018-08-05,0.0,0.021531516124999997
63_43086,2018-08-05,0.0,0.27192857
63_43922,2018-08-05,0.0,0.3845372925
63_44303,2018-08-05,0.0,0.0484153215
63_44449,2018-08-05,0.0,0.0386416105
63_44491,2018-08-05,0.0,0.0393542035
63_44683,2018-08-05,0.0,0.045054313250000005
63_45007,2018-08-05,0.0,0.42916300499999993
63_46075,2018-08-05,0.0,0.3007942575
63_46107,2018-08-05,0.0,0.018252476
63_46667,2018-08-05,0.0,0.04459331775
63_47209,2018-08-05,0.0,0.06263727325
63_47223,2018-08-05,0.0,0.03583710325
63_47672,2018-08-05,0.0,0.60842577
63_47734,2018-08-05,0.0,0.38997109999999996
63_47875,2018-08-05,0.0,0.034169374
63_47893,2018-08-05,0.0,0.01658898425
63_48706,2018-08-05,0.0,0.37176573749999997
63_48775,2018-08-05,0.0,0.33165185
63_49175,2018-08-05,0.0,0.05370345550000001
63_49235,2018-08-05,0.0,0.5066279425
63_49628,2018-08-05,0.0,0.045036063
63_5876,2018-08-05,0.0,0.09200299525
63_6348,2018-08-05,0.0,0.569139995
63_6543,2018-08-05,0.0,0.039775335749999995
63_6719,2018-08-05,0.0,0.27243495500000003
63_6750,2018-08-05,0.0,0.03575463325
63_7021,2018-08-05,0.0,0.45752776500000003
63_7485,2018-08-05,0.0,0.042180617000000004
63_7559,2018-08-05,0.0,0.042557098749999994
63_7751,2018-08-05,0.0,0.4132656
63_8277,2018-08-05,0.0,0.184752865
63_8467,2018-08-05,0.0,0.03726378375
63_8479,2018-08-05,0.0,0.036489649250000006
63_8671,2018-08-05,0.0,0.09104814750000001
63_9154,2018-08-05,0.0,0.0282039205
63_9224,2018-08-05,0.0,0.035529347249999996
63_9339,2018-08-05,0.0,0.057685815249999994
64_13176,2018-08-05,0.0,0.02644591475
64_18529,2018-08-05,0.0,0.0270023075
64_18811,2018-08-05,0.0,0.01563969875
64_20583,2018-08-05,0.0,0.02184378775
64_2091,2018-08-05,0.0,0.0265026525
64_21903,2018-08-05,0.0,0.0302322235
64_28535,2018-08-05,0.0,0.0244386635
64_30391,2018-08-05,0.0,0.024323252
64_31883,2018-08-05,0.0,0.0191844355
64_35108,2018-08-05,0.0,0.01985057325
64_36550,2018-08-05,0.0,0.0228840605
64_36929,2018-08-05,0.0,0.024147115999999996
64_40334,2018-08-05,0.0,0.019677346499999998
64_40723,2018-08-05,0.0,0.02503119575
64_44008,2018-08-05,0.0,0.026292021
64_44359,2018-08-05,0.0,0.02147676575
64_46969,2018-08-05,0.0,0.027418307249999996
64_47209,2018-08-05,0.0,0.024444480499999997
64_4920,2018-08-05,0.0,0.01835915775
64_5699,2018-08-05,0.0,0.0232611635
65_13176,2018-08-05,0.0,0.045262278749999996
65_13984,2018-08-05,0.0,0.03895851825
65_14486,2018-08-05,0.0,0.0373798655
65_20734,2018-08-05,0.0,0.034529293
65_20869,2018-08-05,0.0,0.040762901000000004
65_21137,2018-08-05,0.0,0.043577161
65_2180,2018-08-05,0.0,0.03611397825
65_24390,2018-08-05,0.0,0.035743474750000004
65_24838,2018-08-05,0.0,0.06964217075
65_24964,2018-08-05,0.0,0.05722997925
65_30489,2018-08-05,0.0,0.0494514275
65_33768,2018-08-05,0.0,0.06649988600000001
65_34450,2018-08-05,0.0,0.0469656115
65_38164,2018-08-05,0.0,0.063389708
65_39275,2018-08-05,0.0,0.049438258
65_40604,2018-08-05,0.0,0.046939275749999995
65_4097,2018-08-05,0.0,0.030862801000000002
65_42625,2018-08-05,0.0,0.04175311125
65_42736,2018-08-05,0.0,0.05284923675
65_43961,2018-08-05,0.0,0.036716231249999995
65_44422,2018-08-05,0.0,0.035385021749999995
65_4605,2018-08-05,0.0,0.046570300999999995
65_47042,2018-08-05,0.0,0.0548677965
65_4799,2018-08-05,0.0,0.0459015995
65_5161,2018-08-05,0.0,0.094674674
65_6656,2018-08-05,0.0,0.0642932685
66_15235,2018-08-05,0.0,0.046331871999999996
66_19356,2018-08-05,0.0,0.0431610455
66_28842,2018-08-05,0.0,0.0376472065
66_31829,2018-08-05,0.0,0.06229984125
66_38892,2018-08-05,0.0,0.05236996275
66_42014,2018-08-05,0.0,0.05401548425
66_8143,2018-08-05,0.0,0.051775376
67_10685,2018-08-05,0.0,0.057455613249999996
67_13176,2018-08-05,0.0,0.10154047725
67_14444,2018-08-05,0.0,0.057380134750000006
67_18023,2018-08-05,0.0,0.071272015
67_196,2018-08-05,0.0,0.1264963875
67_30633,2018-08-05,0.0,0.035388509000000005
67_3298,2018-08-05,0.0,0.07085484524999999
67_35561,2018-08-05,0.0,0.046956607
67_37527,2018-08-05,0.0,0.058066532000000004
67_38928,2018-08-05,0.0,0.055599686999999995
67_39657,2018-08-05,0.0,0.093163336
67_42265,2018-08-05,0.0,0.046283119
67_43154,2018-08-05,0.0,0.042495090750000006
67_43720,2018-08-05,0.0,0.054429711
67_47402,2018-08-05,0.0,0.0594433065
67_6184,2018-08-05,0.0,0.06519282475
68_18362,2018-08-05,0.0,0.04380189075
68_20995,2018-08-05,0.0,0.021136614249999998
68_22260,2018-08-05,0.0,0.04064639575000001
68_22935,2018-08-05,0.0,0.0364268885
68_23165,2018-08-05,0.0,0.0327462615
68_26384,2018-08-05,0.0,0.044699677
68_27521,2018-08-05,0.0,0.049246292750000004
68_30233,2018-08-05,0.0,0.041703080249999996
68_30336,2018-08-05,0.0,0.028626383249999998
68_34304,2018-08-05,0.0,0.031843628
68_41842,2018-08-05,0.0,0.029269773
68_42450,2018-08-05,0.0,0.05095542125
68_42507,2018-08-05,0.0,0.034282535
68_49175,2018-08-05,0.0,0.0372989575
68_5652,2018-08-05,0.0,0.030614063000000004
68_5991,2018-08-05,0.0,0.0450973425
68_7398,2018-08-05,0.0,0.025170885000000004
68_7948,2018-08-05,0.0,0.05724143400000001
70_12986,2018-08-05,0.0,0.03464651375
70_16020,2018-08-05,0.0,0.057999896
70_16044,2018-08-05,0.0,0.12958062
70_16797,2018-08-05,0.0,0.043584625
70_16920,2018-08-05,0.0,0.0520886205
70_19151,2018-08-05,0.0,0.04703697825
70_21799,2018-08-05,0.0,0.037124892
70_22989,2018-08-05,0.0,0.03344352775
70_2314,2018-08-05,0.0,0.06029500275
70_24852,2018-08-05,0.0,0.0763339565
70_26172,2018-08-05,0.0,0.06208941899999999
70_2707,2018-08-05,0.0,0.03169428625
70_30960,2018-08-05,0.0,0.040249653999999996
70_34449,2018-08-05,0.0,0.04709630775
70_36086,2018-08-05,0.0,0.0490994845
70_36810,2018-08-05,0.0,0.050565966500000004
70_38888,2018-08-05,0.0,0.03629359825
70_4210,2018-08-05,0.0,0.053636145999999996
70_42736,2018-08-05,0.0,0.05559284375
70_43352,2018-08-05,0.0,0.040525912250000004
70_44277,2018-08-05,0.0,0.03163966825
70_44919,2018-08-05,0.0,0.057621184000000006
70_45840,2018-08-05,0.0,0.141736245
70_46453,2018-08-05,0.0,0.062296582999999996
70_48171,2018-08-05,0.0,0.04373711325
70_5732,2018-08-05,0.0,0.04530892424999999
70_9076,2018-08-05,0.0,0.039070060000000004
70_9199,2018-08-05,0.0,0.062378873249999994
71_117,2018-08-05,1.0,0.11746600625
71_13176,2018-08-05,1.0,0.0336180425
71_17200,2018-08-05,0.0,0.0716937955
71_18531,2018-08-05,0.0,0.05057837825
71_18740,2018-08-05,0.0,0.0254603575
71_19019,2018-08-05,0.0,0.030533082000000003
71_19730,2018-08-05,0.0,0.030101964249999995
71_20619,2018-08-05,0.0,0.0356856635
71_22025,2018-08-05,0.0,0.02621220675
71_22849,2018-08-05,1.0,0.06477664175
71_23216,2018-08-05,0.0,0.05843216775
71_24221,2018-08-05,0.0,0.0599256165
71_24964,2018-08-05,0.0,0.08745433500000001
71_25705,2018-08-05,0.0,0.08241138925
71_26602,2018-08-05,0.0,0.039021818
71_27104,2018-08-05,0.0,0.06497489225
71_27243,2018-08-05,0.0,0.031468803000000004
71_30442,2018-08-05,0.0,0.027994383249999998
71_30967,2018-08-05,1.0,0.0339284325
71_32347,2018-08-05,0.0,0.062719491
71_32537,2018-08-05,0.0,0.0560183635
71_33290,2018-08-05,0.0,0.026289924000000003
71_33754,2018-08-05,0.0,0.0894922125
71_33825,2018-08-05,0.0,0.06685828875
71_35108,2018-08-05,0.0,0.05998663975
71_37646,2018-08-05,1.0,0.16325738
71_37973,2018-08-05,0.0,0.03128889
71_38689,2018-08-05,1.0,0.166177415
71_39275,2018-08-05,0.0,0.0256142945
71_41169,2018-08-05,0.0,0.019703080625
71_41757,2018-08-05,0.0,0.04953289649999999
71_42244,2018-08-05,0.0,0.06309457625
71_42356,2018-08-05,0.0,0.045031349750000005
71_43768,2018-08-05,1.0,0.028160918
71_45,2018-08-05,0.0,0.03271555875
71_45007,2018-08-05,1.0,0.051989459749999994
71_47209,2018-08-05,1.0,0.047531775750000005
71_48364,2018-08-05,1.0,0.0636949235
71_48745,2018-08-05,0.0,0.032612619625
71_48857,2018-08-05,1.0,0.116471185
71_48953,2018-08-05,0.0,0.081295173
71_5785,2018-08-05,0.0,0.04830649825
71_6336,2018-08-05,0.0,0.043591606000000005
71_6788,2018-08-05,0.0,0.09892219525
71_7911,2018-08-05,1.0,0.1738101025
71_9385,2018-08-05,0.0,0.03416558375
71_9598,2018-08-05,1.0,0.17908712
71_9839,2018-08-05,0.0,0.0271428045
72_11116,2018-08-05,0.0,0.0848102435
72_12016,2018-08-05,0.0,0.0555536255
72_24964,2018-08-05,0.0,0.078163765
72_25890,2018-08-05,0.0,0.0711364685
72_32553,2018-08-05,0.0,0.13671618
72_33080,2018-08-05,0.0,0.047038883000000004
72_38689,2018-08-05,0.0,0.091949232
72_42736,2018-08-05,0.0,0.07168028625
72_46906,2018-08-05,0.0,0.045081801500000004
73_24852,2018-08-05,0.0,0.05266665725
73_36736,2018-08-05,0.0,0.058584820749999995
73_8193,2018-08-05,0.0,0.052249935250000004
75_10060,2018-08-05,0.0,0.073295637
75_10644,2018-08-05,0.0,0.041847168750000004
75_10863,2018-08-05,0.0,0.0799818745
75_11520,2018-08-05,0.0,0.070849877
75_12036,2018-08-05,0.0,0.0451916775
75_12057,2018-08-05,0.0,0.049072872000000003
75_12872,2018-08-05,0.0,0.14041341300000001
75_13176,2018-08-05,0.0,0.09239262000000001
75_13852,2018-08-05,0.0,0.047778765
75_14678,2018-08-05,0.0,0.038245256000000005
75_16759,2018-08-05,0.0,0.05352111699999999
75_18441,2018-08-05,0.0,0.062320550749999995
75_19303,2018-08-05,0.0,0.12133894525
75_2014,2018-08-05,0.0,0.056011938250000004
75_21267,2018-08-05,0.0,0.2660676825
75_21567,2018-08-05,0.0,0.060554018
75_21903,2018-08-05,0.0,0.2352338175
75_22451,2018-08-05,0.0,0.19976089249999998
75_23622,2018-08-05,0.0,0.07025723149999999
75_24079,2018-08-05,0.0,0.049018541
75_24964,2018-08-05,0.0,0.135268724
75_25005,2018-08-05,0.0,0.059471655
75_2581,2018-08-05,0.0,0.053112770000000004
75_25931,2018-08-05,0.0,0.03120363175
75_260,2018-08-05,0.0,0.099862135
75_26369,2018-08-05,0.0,0.1404374575
75_26882,2018-08-05,0.0,0.09968742675
75_27104,2018-08-05,0.0,0.06988417050000001
75_27105,2018-08-05,0.0,0.1663751715
75_28058,2018-08-05,0.0,0.0586767455
75_28309,2018-08-05,0.0,0.06227558675
75_28849,2018-08-05,0.0,0.09831374749999999
75_29071,2018-08-05,0.0,0.207148455
75_29418,2018-08-05,0.0,0.0813230975
75_29487,2018-08-05,0.0,0.06636347525
75_30489,2018-08-05,0.0,0.06634582675
75_30982,2018-08-05,0.0,0.08864108125
75_31355,2018-08-05,0.0,0.04021969474999999
75_33294,2018-08-05,0.0,0.05924979699999999
75_34969,2018-08-05,0.0,0.106320293
75_36275,2018-08-05,0.0,0.11208225625000001
75_37053,2018-08-05,0.0,0.05745114025
75_38400,2018-08-05,0.0,0.045310733500000006
75_38751,2018-08-05,0.0,0.04776691300000001
75_39663,2018-08-05,0.0,0.09251934375000001
75_39812,2018-08-05,0.0,0.036275519
75_40448,2018-08-05,0.0,0.05772572325
75_40709,2018-08-05,0.0,0.06464170699999999
75_42028,2018-08-05,0.0,0.11721346425000001
75_42479,2018-08-05,0.0,0.061237258249999996
75_4274,2018-08-05,0.0,0.27697239
75_44683,2018-08-05,0.0,0.0895721125
75_44837,2018-08-05,0.0,0.05040197875
75_45,2018-08-05,0.0,0.153105804
75_4562,2018-08-05,0.0,0.1378937
75_47042,2018-08-05,0.0,0.0553320255
75_47626,2018-08-05,0.0,0.10739209450000001
75_48364,2018-08-05,0.0,0.11171588125000001
75_48848,2018-08-05,0.0,0.09674903225
75_5024,2018-08-05,0.0,0.0765334825
75_5322,2018-08-05,0.0,0.06454961475
75_5825,2018-08-05,0.0,0.04515678125
75_5876,2018-08-05,0.0,0.05569127125
75_6615,2018-08-05,0.0,0.06351054525
75_7021,2018-08-05,0.0,0.10769374125
75_79,2018-08-05,0.0,0.12884487
75_8424,2018-08-05,0.0,0.105985631
75_9058,2018-08-05,0.0,0.043776701249999994
76_12916,2018-08-05,0.0,0.0549071535
76_17858,2018-08-05,0.0,0.06322211624999999
76_21372,2018-08-05,0.0,0.06829551425
76_21376,2018-08-05,0.0,0.04921572975
76_25613,2018-08-05,0.0,0.04642135375
76_28454,2018-08-05,0.0,0.058834638499999994
76_33198,2018-08-05,0.0,0.046351565500000004
76_36107,2018-08-05,0.0,0.12413078000000001
76_40910,2018-08-05,0.0,0.04732707925
76_44995,2018-08-05,0.0,0.035448164000000004
76_480,2018-08-05,0.0,0.047878818
76_5374,2018-08-05,0.0,0.08805901875
76_7669,2018-08-05,0.0,0.038259501
77_11136,2018-08-05,0.0,0.02817724675
77_11777,2018-08-05,0.0,0.0967141125
77_12206,2018-08-05,0.0,0.05775250275
77_12496,2018-08-05,0.0,0.043279556250000004
77_13304,2018-08-05,0.0,0.027101916
77_13852,2018-08-05,0.0,0.0333169765
77_13984,2018-08-05,0.0,0.03160193325
77_15975,2018-08-05,0.0,0.01959980925
77_16145,2018-08-05,0.0,0.0445530645
77_16757,2018-08-05,0.0,0.029449237750000003
77_16797,2018-08-05,0.0,0.0311582855
77_17183,2018-08-05,0.0,0.0372596475
77_17299,2018-08-05,0.0,0.03361711375
77_17619,2018-08-05,0.0,0.03663797075
77_17956,2018-08-05,0.0,0.03238541075
77_18370,2018-08-05,0.0,0.035334158250000004
77_19019,2018-08-05,0.0,0.02670714875
77_19048,2018-08-05,0.0,0.02674307675
77_19678,2018-08-05,0.0,0.036607113
77_1999,2018-08-05,0.0,0.05151989800000001
77_20015,2018-08-05,0.0,0.0364224915
77_20114,2018-08-05,0.0,0.03430071625
77_20169,2018-08-05,0.0,0.0561422945
77_21332,2018-08-05,0.0,0.03551299675
77_21477,2018-08-05,0.0,0.022316572999999996
77_21903,2018-08-05,0.0,0.03417684125
77_22151,2018-08-05,0.0,0.0848870325
77_25890,2018-08-05,0.0,0.0509052645
77_26209,2018-08-05,0.0,0.03142698725
77_26604,2018-08-05,0.0,0.0512565065
77_27040,2018-08-05,0.0,0.031481619
77_27845,2018-08-05,0.0,0.04016230425
77_28156,2018-08-05,0.0,0.019241495375
77_28842,2018-08-05,0.0,0.03524495625
77_28849,2018-08-05,0.0,0.0197754095
77_30169,2018-08-05,0.0,0.0338616125
77_31035,2018-08-05,0.0,0.029044576500000002
77_31433,2018-08-05,0.0,0.039432111
77_32446,2018-08-05,0.0,0.042572281749999996
77_32515,2018-08-05,0.0,0.0288808095
77_32734,2018-08-05,0.0,0.02841328225
77_33043,2018-08-05,0.0,0.03206757425
77_33709,2018-08-05,0.0,0.029629205999999998
77_34065,2018-08-05,0.0,0.028613127250000002
77_34126,2018-08-05,0.0,0.031762372999999997
77_34358,2018-08-05,0.0,0.05497208725
77_34993,2018-08-05,0.0,0.08906428
77_35510,2018-08-05,0.0,0.03008297875
77_35899,2018-08-05,0.0,0.022459350000000003
77_35939,2018-08-05,0.0,0.033605540249999996
77_36735,2018-08-05,0.0,0.040826014
77_37131,2018-08-05,0.0,0.0735078645
77_38739,2018-08-05,0.0,0.05884524575
77_40198,2018-08-05,0.0,0.07269474425
77_41177,2018-08-05,0.0,0.025770624500000002
77_41463,2018-08-05,0.0,0.028434247250000003
77_4210,2018-08-05,0.0,0.04228222225
77_42342,2018-08-05,0.0,0.047140261
77_42617,2018-08-05,0.0,0.0393527405
77_42625,2018-08-05,0.0,0.024121459749999997
77_42736,2018-08-05,0.0,0.041012074749999995
77_42768,2018-08-05,0.0,0.032620039749999996
77_4302,2018-08-05,0.0,0.044254501249999995
77_43772,2018-08-05,0.0,0.0344641925
77_44479,2018-08-05,0.0,0.03347322325
77_44570,2018-08-05,0.0,0.041502238
77_45066,2018-08-05,0.0,0.027157468250000004
77_45264,2018-08-05,0.0,0.03674037025
77_45633,2018-08-05,0.0,0.029558842249999998
77_45767,2018-08-05,0.0,0.028497700250000004
77_4605,2018-08-05,0.0,0.0334248085
77_46886,2018-08-05,0.0,0.07706114750000001
77_47029,2018-08-05,0.0,0.032707071250000004
77_47167,2018-08-05,0.0,0.0452793925
77_47209,2018-08-05,0.0,0.03114569425
77_4799,2018-08-05,0.0,0.03827127525
77_48235,2018-08-05,0.0,0.02471199475
77_48726,2018-08-05,0.0,0.0301879005
77_49533,2018-08-05,0.0,0.031306105
77_5024,2018-08-05,0.0,0.0325183795
77_5025,2018-08-05,0.0,0.03534479125
77_5769,2018-08-05,0.0,0.023664401999999998
77_5818,2018-08-05,0.0,0.03676103525
77_6615,2018-08-05,0.0,0.05064390825
77_8518,2018-08-05,0.0,0.04293220975
77_8670,2018-08-05,0.0,0.0377358315
77_9092,2018-08-05,0.0,0.028869515999999998
77_9327,2018-08-05,0.0,0.028470655749999997
79_13176,2018-08-05,0.0,0.030065048
79_19057,2018-08-05,0.0,0.027817033499999998
79_20842,2018-08-05,0.0,0.027556631499999998
79_21137,2018-08-05,0.0,0.021660889749999995
79_23233,2018-08-05,0.0,0.022172742000000002
79_25513,2018-08-05,0.0,0.02195306875
79_27845,2018-08-05,0.0,0.0370009465
79_29987,2018-08-05,0.0,0.029057171
79_36550,2018-08-05,0.0,0.033410278
79_37464,2018-08-05,0.0,0.0177186645
79_42585,2018-08-05,0.0,0.030578001500000004
79_47209,2018-08-05,0.0,0.03915080925
7_10504,2018-08-05,0.0,0.05240937875
7_10895,2018-08-05,0.0,0.05900634924999999
7_11520,2018-08-05,0.0,0.076070099
7_12196,2018-08-05,0.0,0.14519864375
7_13176,2018-08-05,0.0,0.06373430575
7_13198,2018-08-05,0.0,0.33832744249999996
7_15592,2018-08-05,0.0,0.16497396749999998
7_17638,2018-08-05,0.0,0.1251720425
7_18382,2018-08-05,0.0,0.0486319215
7_18880,2018-08-05,0.0,0.073036921
7_21137,2018-08-05,0.0,0.5139520100000001
7_21298,2018-08-05,0.0,0.05910559175
7_22000,2018-08-05,0.0,0.10861848499999999
7_22742,2018-08-05,0.0,0.04462110275
7_23516,2018-08-05,0.0,0.08157535675
7_23712,2018-08-05,0.0,0.12287282399999999
7_25199,2018-08-05,0.0,0.04073105825
7_26209,2018-08-05,0.0,0.09451649899999999
7_27156,2018-08-05,0.0,0.08995394649999999
7_27344,2018-08-05,0.0,0.08014120025
7_27690,2018-08-05,0.0,0.4064227575
7_29602,2018-08-05,0.0,0.05071619075
7_29894,2018-08-05,0.0,0.09244688775
7_29993,2018-08-05,0.0,0.14692759500000002
7_30391,2018-08-05,0.0,0.23830756749999998
7_31343,2018-08-05,0.0,0.05812855625
7_31683,2018-08-05,0.0,0.2087200725
7_31717,2018-08-05,0.0,0.11176749400000001
7_32177,2018-08-05,0.0,0.23302562
7_33740,2018-08-05,0.0,0.055899995499999994
7_35333,2018-08-05,0.0,0.101500598
7_37602,2018-08-05,0.0,0.3546875625
7_37999,2018-08-05,0.0,0.19915555125
7_39121,2018-08-05,0.0,0.065857295
7_39275,2018-08-05,0.0,0.06683217
7_40852,2018-08-05,0.0,0.43324165000000003
7_42265,2018-08-05,0.0,0.065710561
7_42803,2018-08-05,0.0,0.07458205425
7_43352,2018-08-05,0.0,0.043849145250000006
7_43967,2018-08-05,0.0,0.07154356149999999
7_44661,2018-08-05,0.0,0.1002199375
7_45066,2018-08-05,0.0,0.071734558
7_45537,2018-08-05,0.0,0.0357752395
7_45628,2018-08-05,0.0,0.053973942
7_46969,2018-08-05,0.0,0.05051161775
7_47272,2018-08-05,0.0,0.49603344
7_47623,2018-08-05,0.0,0.070710825
7_4920,2018-08-05,0.0,0.07468435075
7_4945,2018-08-05,0.0,0.12153436349999999
7_8277,2018-08-05,0.0,0.08520243425
7_8518,2018-08-05,0.0,0.08982996749999998
7_9598,2018-08-05,0.0,0.40431507499999997
80_10343,2018-08-05,0.0,0.03318704225
80_12545,2018-08-05,0.0,0.021808877
80_13176,2018-08-05,0.0,0.04121696325
80_15842,2018-08-05,0.0,0.040657553250000006
80_24010,2018-08-05,0.0,0.0335905415
80_33002,2018-08-05,0.0,0.03870720325
80_42812,2018-08-05,0.0,0.031733317999999996
80_43713,2018-08-05,0.0,0.033236995000000005
80_45066,2018-08-05,0.0,0.03168113375
80_47630,2018-08-05,0.0,0.03639636075
80_4792,2018-08-05,0.0,0.03386430625
80_48523,2018-08-05,0.0,0.02557137225
80_48878,2018-08-05,0.0,0.03562517849999999
80_4920,2018-08-05,0.0,0.025670047
80_7035,2018-08-05,0.0,0.034591590750000005
80_8710,2018-08-05,0.0,0.03845070875
80_9387,2018-08-05,0.0,0.02450469525
81_116,2018-08-05,0.0,0.02596466
81_12341,2018-08-05,0.0,0.0450138445
81_17902,2018-08-05,0.0,0.043872659
81_30720,2018-08-05,0.0,0.0255025915
81_30827,2018-08-05,0.0,0.0301096775
81_38768,2018-08-05,0.0,0.041716457750000005
81_44683,2018-08-05,0.0,0.03965488275
81_8048,2018-08-05,0.0,0.037473203249999996
81_9601,2018-08-05,0.0,0.040105881499999996
82_10441,2018-08-05,0.0,0.0870097475
82_11759,2018-08-05,0.0,0.08741738325000001
82_13176,2018-08-05,0.0,0.37832962000000003
82_13575,2018-08-05,0.0,0.478742135
82_16953,2018-08-05,0.0,0.0628182745
82_17957,2018-08-05,0.0,0.041542145249999995
82_196,2018-08-05,0.0,0.2938975174999999
82_21100,2018-08-05,0.0,0.0397992625
82_27839,2018-08-05,0.0,0.060541841750000006
82_30450,2018-08-05,0.0,0.09799792674999999
82_37710,2018-08-05,0.0,0.07836012949999999
82_38928,2018-08-05,0.0,0.18780130750000001
82_39275,2018-08-05,0.0,0.2904620925
82_39581,2018-08-05,0.0,0.07825902525
82_42265,2018-08-05,0.0,0.07473300499999999
82_43352,2018-08-05,0.0,0.11315021
82_43721,2018-08-05,0.0,0.056964020500000004
82_45128,2018-08-05,0.0,0.06379879075
82_48193,2018-08-05,0.0,0.07330235425
82_48812,2018-08-05,0.0,0.043669104
82_49235,2018-08-05,0.0,0.3877735525
82_6184,2018-08-05,0.0,0.1065014625
82_9076,2018-08-05,0.0,0.05373651325
83_16254,2018-08-05,0.0,0.029615698500000003
83_20600,2018-08-05,0.0,0.024977070375
83_24157,2018-08-05,0.0,0.032224788
83_25513,2018-08-05,0.0,0.02246170175
83_26856,2018-08-05,0.0,0.025013401249999997
83_42828,2018-08-05,0.0,0.027318492
83_47521,2018-08-05,0.0,0.035674262
84_1158,2018-08-05,0.0,0.02795084675
84_12576,2018-08-05,0.0,0.046031182500000004
84_13629,2018-08-05,0.0,0.06919982250000001
84_14633,2018-08-05,0.0,0.04253076125
84_14678,2018-08-05,0.0,0.03796638825
84_18465,2018-08-05,0.0,0.03025189475
84_21903,2018-08-05,0.0,0.0441927875
84_23165,2018-08-05,0.0,0.0417746745
84_24964,2018-08-05,0.0,0.052831738249999996
84_26209,2018-08-05,0.0,0.04138134875
84_27737,2018-08-05,0.0,0.033810584750000004
84_34448,2018-08-05,0.0,0.038216554
84_35535,2018-08-05,0.0,0.03858899175
84_36127,2018-08-05,0.0,0.04680441325
84_3896,2018-08-05,0.0,0.041381629
84_39812,2018-08-05,0.0,0.03483840125
84_44987,2018-08-05,0.0,0.03472364675
84_45007,2018-08-05,0.0,0.0476579575
84_4605,2018-08-05,0.0,0.04175885625
84_46979,2018-08-05,0.0,0.040158027750000005
84_47626,2018-08-05,0.0,0.05019671375
84_47734,2018-08-05,0.0,0.044888942249999994
84_47766,2018-08-05,0.0,0.04392543
84_48595,2018-08-05,0.0,0.04255969875
84_49520,2018-08-05,0.0,0.040792326
84_7299,2018-08-05,0.0,0.043564625499999995
84_8670,2018-08-05,0.0,0.0380164665
84_9000,2018-08-05,0.0,0.041304551
85_12703,2018-08-05,0.0,0.0328586135
85_13176,2018-08-05,0.0,0.032761179
85_13280,2018-08-05,0.0,0.03292909225
85_1695,2018-08-05,0.0,0.0331872285
85_21137,2018-08-05,0.0,0.0325549305
85_21903,2018-08-05,0.0,0.0335222755
85_23165,2018-08-05,0.0,0.025305391249999996
85_32177,2018-08-05,0.0,0.023890022249999997
85_34243,2018-08-05,0.0,0.029876385
85_35547,2018-08-05,0.0,0.02277317575
85_40146,2018-08-05,0.0,0.045523142249999995
85_42585,2018-08-05,0.0,0.035897223
85_45007,2018-08-05,0.0,0.036892844
85_8277,2018-08-05,0.0,0.030010524000000004
86_10017,2018-08-05,0.0,0.028761219249999997
86_12320,2018-08-05,0.0,0.0392103595
86_13176,2018-08-05,0.0,0.064263725
86_13535,2018-08-05,0.0,0.03706450325
86_14704,2018-08-05,0.0,0.036951265250000004
86_15937,2018-08-05,0.0,0.0348962895
86_16249,2018-08-05,0.0,0.14669765125
86_17794,2018-08-05,0.0,0.041810803
86_17948,2018-08-05,0.0,0.04094435775
86_18027,2018-08-05,0.0,0.105728861
86_18090,2018-08-05,0.0,0.023684939250000002
86_19519,2018-08-05,0.0,0.08508556
86_2078,2018-08-05,0.0,0.0510936865
86_21616,2018-08-05,0.0,0.044273491750000005
86_21903,2018-08-05,0.0,0.0534756695
86_21938,2018-08-05,0.0,0.17073242249999998
86_22849,2018-08-05,0.0,0.08099373900000001
86_22935,2018-08-05,0.0,0.0341953615
86_22947,2018-08-05,0.0,0.04307189775
86_24082,2018-08-05,0.0,0.05033857875
86_24489,2018-08-05,0.0,0.03408636875
86_24964,2018-08-05,0.0,0.06400160875
86_25968,2018-08-05,0.0,0.03917593075
86_26209,2018-08-05,0.0,0.10211574025
86_26604,2018-08-05,0.0,0.07845971225000001
86_26894,2018-08-05,0.0,0.06455107674999999
86_27344,2018-08-05,0.0,0.031321180750000004
86_27695,2018-08-05,0.0,0.0643631525
86_27966,2018-08-05,0.0,0.03505682725
86_28204,2018-08-05,0.0,0.048875704
86_2846,2018-08-05,0.0,0.07595581300000001
86_28547,2018-08-05,0.0,0.03492153875
86_29270,2018-08-05,0.0,0.148835426
86_30391,2018-08-05,0.0,0.036300528750000005
86_31717,2018-08-05,0.0,0.050201430750000005
86_329,2018-08-05,0.0,0.07507259499999999
86_33731,2018-08-05,0.0,0.060403477000000004
86_3376,2018-08-05,0.0,0.066264574
86_34126,2018-08-05,0.0,0.0538424775
86_35163,2018-08-05,0.0,0.04194399925
86_35168,2018-08-05,0.0,0.039407946
86_35951,2018-08-05,0.0,0.06774720325
86_36695,2018-08-05,0.0,0.0406357725
86_37158,2018-08-05,0.0,0.0740106495
86_37646,2018-08-05,0.0,0.02790877025
86_37687,2018-08-05,0.0,0.03314780175
86_38093,2018-08-05,0.0,0.0337376385
86_38453,2018-08-05,0.0,0.02329652175
86_38693,2018-08-05,0.0,0.041129798749999995
86_39984,2018-08-05,0.0,0.07982435175
86_40604,2018-08-05,0.0,0.0332670875
86_40706,2018-08-05,0.0,0.08062842
86_40723,2018-08-05,0.0,0.06894655
86_41593,2018-08-05,0.0,0.03879307275
86_43014,2018-08-05,0.0,0.03093996425
86_45007,2018-08-05,0.0,0.04501757225
86_45063,2018-08-05,0.0,0.047058523000000005
86_45200,2018-08-05,0.0,0.030778320249999998
86_47209,2018-08-05,0.0,0.139488125
86_48094,2018-08-05,0.0,0.1445769225
86_5876,2018-08-05,0.0,0.04595040425000001
86_5991,2018-08-05,0.0,0.1361443625
86_6615,2018-08-05,0.0,0.030392573
86_6740,2018-08-05,0.0,0.028363741499999998
86_7063,2018-08-05,0.0,0.08289054500000001
86_7156,2018-08-05,0.0,0.067548081
86_7862,2018-08-05,0.0,0.03976113725
86_8006,2018-08-05,0.0,0.04212116175
86_8193,2018-08-05,0.0,0.03590480925
86_8518,2018-08-05,0.0,0.06601971625
86_9159,2018-08-05,0.0,0.037114542
86_9839,2018-08-05,0.0,0.149691205
87_21137,2018-08-05,1.0,0.21828894999999998
87_21333,2018-08-05,0.0,0.1923067625
87_21828,2018-08-05,0.0,0.07427262350000001
87_2187,2018-08-05,1.0,0.2317176535
87_22788,2018-08-05,0.0,0.29252664500000003
87_2391,2018-08-05,0.0,0.201455295
87_25869,2018-08-05,0.0,0.23700471
87_27104,2018-08-05,0.0,0.0624927995
87_27395,2018-08-05,0.0,0.3261684425
87_29373,2018-08-05,0.0,0.1919237525
87_29447,2018-08-05,1.0,0.273766425
87_29487,2018-08-05,1.0,0.34447980999999994
87_29615,2018-08-05,1.0,0.6330055050000001
87_30233,2018-08-05,1.0,0.11233847300000002
87_30391,2018-08-05,1.0,0.4095519575
87_31553,2018-08-05,0.0,0.10913178375000002
87_33198,2018-08-05,0.0,0.07948225575000001
87_37066,2018-08-05,0.0,0.18788359
87_3835,2018-08-05,0.0,0.1712233
87_39475,2018-08-05,0.0,0.08208913100000001
87_40336,2018-08-05,0.0,0.22201417499999998
87_42110,2018-08-05,0.0,0.0722257325
87_44570,2018-08-05,1.0,0.37809037
87_45608,2018-08-05,0.0,0.03632279525
87_47479,2018-08-05,0.0,0.08468567475
87_47626,2018-08-05,0.0,0.3952585875
87_48790,2018-08-05,0.0,0.24818225
87_5385,2018-08-05,0.0,0.1334799565
87_5460,2018-08-05,0.0,0.05600314425
88_35384,2018-08-05,0.0,0.0327247595
89_10246,2018-08-05,0.0,0.03094176975
89_10749,2018-08-05,0.0,0.073185768
89_13598,2018-08-05,0.0,0.055009507
89_13782,2018-08-05,0.0,0.04840723425
89_15528,2018-08-05,0.0,0.055697656750000005
89_15984,2018-08-05,0.0,0.0726990085
89_16145,2018-08-05,0.0,0.073597468
89_16759,2018-08-05,0.0,0.08685193225
89_18689,2018-08-05,0.0,0.06354257425
89_18963,2018-08-05,0.0,0.047941464249999996
89_18985,2018-08-05,0.0,0.037468904500000004
89_21903,2018-08-05,0.0,0.10780865499999999
89_23094,2018-08-05,0.0,0.05123623025
89_23516,2018-08-05,0.0,0.067440285
89_24489,2018-08-05,0.0,0.053680571
89_24964,2018-08-05,0.0,0.1669978125
89_25824,2018-08-05,0.0,0.06273864450000001
89_2597,2018-08-05,0.0,0.046372704
89_27156,2018-08-05,0.0,0.06937509750000001
89_27521,2018-08-05,0.0,0.159920069
89_27881,2018-08-05,0.0,0.08631515375
89_27966,2018-08-05,0.0,0.03671910675
89_28601,2018-08-05,0.0,0.0356988155
89_28785,2018-08-05,0.0,0.05589331025
89_28985,2018-08-05,0.0,0.08134240125
89_29669,2018-08-05,0.0,0.05416091099999999
89_30450,2018-08-05,0.0,0.0538804635
89_30489,2018-08-05,0.0,0.08379051600000001
89_31114,2018-08-05,0.0,0.06469118375
89_31635,2018-08-05,0.0,0.0429575885
89_31727,2018-08-05,0.0,0.07011911575
89_32734,2018-08-05,0.0,0.0427751785
89_32850,2018-08-05,0.0,0.05414264425
89_3469,2018-08-05,0.0,0.1527207125
89_35140,2018-08-05,0.0,0.07272085125
89_35939,2018-08-05,0.0,0.152998155
89_35951,2018-08-05,0.0,0.224026925
89_38419,2018-08-05,0.0,0.0501066195
89_39558,2018-08-05,0.0,0.07811530625
89_39877,2018-08-05,0.0,0.04974688575
89_40789,2018-08-05,0.0,0.0495133505
89_41220,2018-08-05,0.0,0.03095081175
89_41570,2018-08-05,0.0,0.05182737899999999
89_41950,2018-08-05,0.0,0.041260109
89_42052,2018-08-05,0.0,0.05447028775
89_42585,2018-08-05,0.0,0.23577010249999997
89_42768,2018-08-05,0.0,0.03847459875
89_44359,2018-08-05,0.0,0.049613016249999996
89_4461,2018-08-05,0.0,0.049246515000000005
89_44815,2018-08-05,0.0,0.055187774499999995
89_46667,2018-08-05,0.0,0.05834107025
89_46913,2018-08-05,0.0,0.045976580749999996
89_48220,2018-08-05,0.0,0.0459908075
89_48493,2018-08-05,0.0,0.08974288849999999
89_48679,2018-08-05,0.0,0.0594998515
89_49175,2018-08-05,0.0,0.11071321250000002
89_5024,2018-08-05,0.0,0.0735381055
89_7485,2018-08-05,0.0,0.06166308275
89_8421,2018-08-05,0.0,0.0759908025
89_8518,2018-08-05,0.0,0.1000879925
89_8670,2018-08-05,0.0,0.22643123999999998
89_9092,2018-08-05,0.0,0.0531513625
90_10180,2018-08-05,0.0,0.059679487249999996
90_11642,2018-08-05,0.0,0.1246084735
90_11699,2018-08-05,0.0,0.06730300725
90_11815,2018-08-05,0.0,0.44953687
90_12302,2018-08-05,0.0,0.15652017375
90_12679,2018-08-05,0.0,0.048639664
90_12938,2018-08-05,0.0,0.05412051825
90_13740,2018-08-05,0.0,0.10612253775
90_14761,2018-08-05,0.0,0.231489965
90_1545,2018-08-05,1.0,0.21442155
90_16464,2018-08-05,0.0,0.0479667005
90_16897,2018-08-05,1.0,0.26597865
90_17224,2018-08-05,1.0,0.07134512525
90_1782,2018-08-05,0.0,0.6517739874999999
90_18059,2018-08-05,0.0,0.45152362
90_18281,2018-08-05,0.0,0.065084125
90_1831,2018-08-05,0.0,0.163057715
90_18352,2018-08-05,0.0,0.05558395225
90_1845,2018-08-05,0.0,0.055343740499999995
90_19134,2018-08-05,0.0,0.070023086
90_19204,2018-08-05,1.0,0.5995167725
90_19382,2018-08-05,0.0,0.08922762749999999
90_20169,2018-08-05,0.0,0.44047163
90_20985,2018-08-05,0.0,0.06793717575
90_22959,2018-08-05,0.0,0.245913895
90_23032,2018-08-05,1.0,0.06079500675
90_23909,2018-08-05,0.0,0.18239518375
90_25877,2018-08-05,0.0,0.11082602925
90_27582,2018-08-05,0.0,0.3393272675
90_29285,2018-08-05,0.0,0.1036651395
90_31334,2018-08-05,0.0,0.455609845
90_31414,2018-08-05,0.0,0.1903353625
90_31988,2018-08-05,0.0,0.411663385
90_32293,2018-08-05,0.0,0.15088715025
90_32648,2018-08-05,0.0,0.653915985
90_32818,2018-08-05,0.0,0.18716754749999998
90_33318,2018-08-05,1.0,0.2605201275
90_35303,2018-08-05,0.0,0.0787480625
90_35898,2018-08-05,1.0,0.0786736705
90_36866,2018-08-05,0.0,0.25617117
90_36994,2018-08-05,1.0,0.1189100615
90_3765,2018-08-05,0.0,0.10701338300000002
90_42356,2018-08-05,0.0,0.044617536250000006
90_43227,2018-08-05,0.0,0.254780685
90_43295,2018-08-05,0.0,0.07568353424999999
90_43693,2018-08-05,0.0,0.104138445
90_47144,2018-08-05,0.0,0.6669714675
90_47965,2018-08-05,1.0,0.09191701375
90_47977,2018-08-05,0.0,0.07521226
90_48296,2018-08-05,0.0,0.050814275
90_49520,2018-08-05,0.0,0.080710937
90_5531,2018-08-05,0.0,0.06896113575
90_6069,2018-08-05,1.0,0.1914408125
90_7118,2018-08-05,0.0,0.057792369
90_939,2018-08-05,0.0,0.105671925
90_9532,2018-08-05,0.0,0.5738780925
91_10243,2018-08-05,0.0,0.023202233500000002
91_10644,2018-08-05,0.0,0.019264885750000002
91_14531,2018-08-05,0.0,0.022774496999999998
91_1463,2018-08-05,0.0,0.101143401
91_16759,2018-08-05,0.0,0.043516192499999995
91_17835,2018-08-05,0.0,0.03217849525
91_19816,2018-08-05,0.0,0.04069183675
91_20022,2018-08-05,0.0,0.026814773
91_2086,2018-08-05,0.0,0.02230217
91_210,2018-08-05,0.0,0.040830898000000004
91_21543,2018-08-05,0.0,0.0313122
91_21938,2018-08-05,0.0,0.043382299
91_22559,2018-08-05,0.0,0.026324598999999997
91_22935,2018-08-05,0.0,0.030321717249999998
91_25753,2018-08-05,0.0,0.027688886000000003
91_26209,2018-08-05,0.0,0.0447402425
91_26751,2018-08-05,0.0,0.025816818
91_27156,2018-08-05,0.0,0.0468332145
91_27750,2018-08-05,0.0,0.056721045250000005
91_28199,2018-08-05,0.0,0.03214083625
91_29898,2018-08-05,0.0,0.02310291775
91_29926,2018-08-05,0.0,0.0208501455
91_29987,2018-08-05,0.0,0.02151209075
91_30169,2018-08-05,0.0,0.0691501755
91_30489,2018-08-05,0.0,0.0396003795
91_31066,2018-08-05,0.0,0.030194791749999998
91_33037,2018-08-05,0.0,0.02694082775
91_33754,2018-08-05,0.0,0.0621157695
91_33825,2018-08-05,0.0,0.03700753275
91_34209,2018-08-05,0.0,0.025163313
91_34358,2018-08-05,0.0,0.04290885375
91_34668,2018-08-05,0.0,0.0845394375
91_37067,2018-08-05,0.0,0.033586041
91_37119,2018-08-05,0.0,0.0269328835
91_40706,2018-08-05,0.0,0.0256994825
91_42205,2018-08-05,0.0,0.019555002250000002
91_42536,2018-08-05,0.0,0.0548724325
91_44632,2018-08-05,0.0,0.0403807345
91_44643,2018-08-05,0.0,0.027744163000000002
91_44910,2018-08-05,0.0,0.023075545000000003
91_44987,2018-08-05,0.0,0.020943683249999998
91_45535,2018-08-05,0.0,0.03716800275
91_45842,2018-08-05,0.0,0.04356095725
91_46616,2018-08-05,0.0,0.027778006749999997
91_46667,2018-08-05,0.0,0.03943484775
91_47209,2018-08-05,0.0,0.05270135200000001
91_48628,2018-08-05,0.0,0.03704460675
91_48697,2018-08-05,0.0,0.029302053499999998
91_49235,2018-08-05,0.0,0.043628409
91_5006,2018-08-05,0.0,0.027836079250000003
91_5134,2018-08-05,0.0,0.04131890075
91_5449,2018-08-05,0.0,0.04278281075
91_5621,2018-08-05,0.0,0.024354360749999998
91_5876,2018-08-05,0.0,0.03969862025
91_651,2018-08-05,0.0,0.0534640765
91_7559,2018-08-05,0.0,0.0263035715
91_8173,2018-08-05,0.0,0.0272749755
91_8277,2018-08-05,0.0,0.02742133475
91_8467,2018-08-05,0.0,0.062475337000000006
91_9515,2018-08-05,0.0,0.07535962800000001
91_9786,2018-08-05,0.0,0.02315871725
92_20955,2018-08-05,0.0,0.03442471525
92_5258,2018-08-05,0.0,0.03755708149999999
93_15012,2018-08-05,0.0,0.042773924250000005
93_19030,2018-08-05,0.0,0.048491826625
93_22166,2018-08-05,0.0,0.0415019675
93_25396,2018-08-05,0.0,0.08896675925
93_28910,2018-08-05,0.0,0.0627324565
93_29878,2018-08-05,0.0,0.057379131750000006
93_31506,2018-08-05,0.0,0.0527184485
93_33017,2018-08-05,0.0,0.04996255300000001
93_34862,2018-08-05,0.0,0.038720514
93_47965,2018-08-05,0.0,0.067053545
93_49481,2018-08-05,0.0,0.050617431
94_15294,2018-08-05,0.0,0.026467202500000002
94_17851,2018-08-05,0.0,0.03696445525
94_2192,2018-08-05,0.0,0.045637369
94_21938,2018-08-05,0.0,0.033584340000000004
94_25048,2018-08-05,0.0,0.028421798249999998
94_28911,2018-08-05,0.0,0.030305958249999997
94_29311,2018-08-05,0.0,0.02541843625
94_32478,2018-08-05,0.0,0.038385722250000004
94_34670,2018-08-05,0.0,0.0253271035
94_35846,2018-08-05,0.0,0.018380694250000003
94_36086,2018-08-05,0.0,0.026977314500000002
94_44142,2018-08-05,0.0,0.035264325
94_44566,2018-08-05,0.0,0.03502860625
94_46041,2018-08-05,0.0,0.0321426355
94_47058,2018-08-05,0.0,0.03233296675
94_47846,2018-08-05,0.0,0.02756472
94_8424,2018-08-05,0.0,0.0323858765
95_10132,2018-08-05,0.0,0.04015032025
95_11629,2018-08-05,0.0,0.04023416025
95_13368,2018-08-05,0.0,0.036434298749999997
95_14150,2018-08-05,0.0,0.03259151125
95_16521,2018-08-05,0.0,0.047557435
95_16797,2018-08-05,0.0,0.033564659999999996
95_1713,2018-08-05,0.0,0.042445581249999996
95_20588,2018-08-05,0.0,0.052300740250000005
95_21278,2018-08-05,0.0,0.036716092250000006
95_22935,2018-08-05,0.0,0.061701636000000004
95_23543,2018-08-05,0.0,0.03826749175
95_24964,2018-08-05,0.0,0.03874204075
95_25753,2018-08-05,0.0,0.029688783
95_26209,2018-08-05,0.0,0.0286075675
95_27966,2018-08-05,0.0,0.02835614625
95_30252,2018-08-05,0.0,0.03597871425
95_30742,2018-08-05,0.0,0.07098072025
95_32734,2018-08-05,0.0,0.0442832375
95_33731,2018-08-05,0.0,0.039063446999999994
95_35140,2018-08-05,0.0,0.03614938175
95_3579,2018-08-05,0.0,0.052972873000000004
95_35855,2018-08-05,0.0,0.04913009675
95_37198,2018-08-05,0.0,0.037010343249999994
95_3751,2018-08-05,0.0,0.03535966625
95_39225,2018-08-05,0.0,0.031311809749999996
95_41658,2018-08-05,0.0,0.04656757425
95_42768,2018-08-05,0.0,0.0315631435
95_42896,2018-08-05,0.0,0.02490963525
95_44578,2018-08-05,0.0,0.03245242175
95_45543,2018-08-05,0.0,0.032633377000000005
95_45582,2018-08-05,0.0,0.034477561749999996
95_47626,2018-08-05,0.0,0.059462189750000005
95_48171,2018-08-05,0.0,0.040567466999999996
95_4853,2018-08-05,0.0,0.0484799615
95_48697,2018-08-05,0.0,0.049578699
95_48775,2018-08-05,0.0,0.031415158750000005
95_48925,2018-08-05,0.0,0.03091388925
95_49533,2018-08-05,0.0,0.0232441795
95_5134,2018-08-05,0.0,0.05313756925
95_5240,2018-08-05,0.0,0.041751628
95_5912,2018-08-05,0.0,0.0368611905
95_6020,2018-08-05,0.0,0.03409031275
95_6692,2018-08-05,0.0,0.03457682175
95_7175,2018-08-05,0.0,0.030137841
95_8193,2018-08-05,0.0,0.048836528500000004
95_9825,2018-08-05,0.0,0.037523457999999996
96_13535,2018-08-05,0.0,0.04212851525
96_13642,2018-08-05,0.0,0.056557703
96_13885,2018-08-05,0.0,0.0580960075
96_18340,2018-08-05,0.0,0.05073967
96_18814,2018-08-05,0.0,0.030437862500000003
96_18918,2018-08-05,0.0,0.05983314199999999
96_19478,2018-08-05,0.0,0.038066259000000005
96_20995,2018-08-05,0.0,0.056659064499999995
96_21543,2018-08-05,0.0,0.041587976250000006
96_2228,2018-08-05,0.0,0.0422764235
96_22474,2018-08-05,0.0,0.0502216175
96_24082,2018-08-05,0.0,0.06656840525
96_24489,2018-08-05,0.0,0.05113097075
96_24852,2018-08-05,0.0,0.1033161425
96_26604,2018-08-05,0.0,0.04788024075
96_27156,2018-08-05,0.0,0.03827907725
96_27966,2018-08-05,0.0,0.0417961765
96_28204,2018-08-05,0.0,0.05517270775
96_30639,2018-08-05,0.0,0.04331960024999999
96_31371,2018-08-05,0.0,0.091819661
96_32099,2018-08-05,0.0,0.035511467
96_34584,2018-08-05,0.0,0.0783464475
96_35547,2018-08-05,0.0,0.054329357499999995
96_36506,2018-08-05,0.0,0.03257088600000001
96_37825,2018-08-05,0.0,0.06139452150000001
96_39275,2018-08-05,0.0,0.05393532299999999
96_39619,2018-08-05,0.0,0.036821726
96_40229,2018-08-05,0.0,0.0449026135
96_4086,2018-08-05,0.0,0.0619886675
96_42450,2018-08-05,0.0,0.07346461725
96_42768,2018-08-05,0.0,0.042816496999999995
96_43304,2018-08-05,0.0,0.0762253745
96_44422,2018-08-05,0.0,0.045953268000000005
96_46505,2018-08-05,0.0,0.046875501
96_46802,2018-08-05,0.0,0.07373730449999999
96_48239,2018-08-05,0.0,0.057197282249999995
96_49075,2018-08-05,0.0,0.036846794
96_5959,2018-08-05,0.0,0.08590065375
96_6631,2018-08-05,0.0,0.05182951275
96_7054,2018-08-05,0.0,0.0940175855
96_8467,2018-08-05,0.0,0.04800896975
97_23224,2018-08-05,0.0,0.04184862275
98_13176,2018-08-05,0.0,0.04889051
98_196,2018-08-05,0.0,0.14666940499999997
98_21137,2018-08-05,0.0,0.05179986824999999
98_21386,2018-08-05,0.0,0.2934893525
98_26405,2018-08-05,0.0,0.049688968
98_43352,2018-08-05,0.0,0.061456282499999994
98_6184,2018-08-05,0.0,0.21115146999999998
99_10246,2018-08-05,0.0,0.01901079625
99_10711,2018-08-05,0.0,0.02509276325
99_12315,2018-08-05,0.0,0.028939179000000002
99_12419,2018-08-05,0.0,0.0208314645
99_13176,2018-08-05,0.0,0.20764791500000002
99_13535,2018-08-05,0.0,0.2732956475
99_13802,2018-08-05,0.0,0.030802888749999997
99_13844,2018-08-05,0.0,0.0217771395
99_14129,2018-08-05,0.0,0.1679563625
99_15153,2018-08-05,0.0,0.025561017499999998
99_17794,2018-08-05,0.0,0.021727031
99_17830,2018-08-05,0.0,0.028653675250000003
99_18171,2018-08-05,0.0,0.069108532
99_18918,2018-08-05,0.0,0.018296878500000002
99_20327,2018-08-05,0.0,0.029439527
99_20734,2018-08-05,0.0,0.03767732075
99_22035,2018-08-05,0.0,0.1502991775
99_2295,2018-08-05,0.0,0.038958374500000004
99_23208,2018-08-05,0.0,0.025124204750000004
99_23516,2018-08-05,0.0,0.30989803
99_24156,2018-08-05,0.0,0.14545798525
99_24221,2018-08-05,0.0,0.04153033874999999
99_24654,2018-08-05,0.0,0.02323594
99_24964,2018-08-05,0.0,0.031095785499999997
99_26209,2018-08-05,0.0,0.0482469925
99_26283,2018-08-05,0.0,0.042031015
99_2661,2018-08-05,0.0,0.01789308
99_27086,2018-08-05,0.0,0.032297486
99_30720,2018-08-05,0.0,0.024886342500000002
99_32864,2018-08-05,0.0,0.03358188525
99_34126,2018-08-05,0.0,0.03807551925
99_34264,2018-08-05,0.0,0.02241125425
99_34966,2018-08-05,0.0,0.01867882825
99_35167,2018-08-05,0.0,0.02095073425
99_35333,2018-08-05,0.0,0.023904443249999997
99_35688,2018-08-05,0.0,0.027575337499999998
99_35951,2018-08-05,0.0,0.16357370000000002
99_36994,2018-08-05,0.0,0.021886013
99_37646,2018-08-05,0.0,0.196411025
99_37841,2018-08-05,0.0,0.02495254575
99_38777,2018-08-05,0.0,0.028829865000000003
99_39619,2018-08-05,0.0,0.0316060045
99_41556,2018-08-05,0.0,0.032513982
99_41950,2018-08-05,0.0,0.04513081224999999
99_41966,2018-08-05,0.0,0.02498415875
99_42754,2018-08-05,0.0,0.052288082
99_44219,2018-08-05,0.0,0.023618819125
99_443,2018-08-05,0.0,0.32327833499999997
99_4461,2018-08-05,0.0,0.027986815499999998
99_44987,2018-08-05,0.0,0.1119040575
99_45013,2018-08-05,0.0,0.03927514175
99_45554,2018-08-05,0.0,0.02361388825
99_4605,2018-08-05,0.0,0.02101935425
99_48109,2018-08-05,0.0,0.04010366
99_49683,2018-08-05,0.0,0.0376740285
99_5646,2018-08-05,0.0,0.01795295225
99_6111,2018-08-05,0.0,0.01974731775
99_7021,2018-08-05,0.0,0.034360041
99_8138,2018-08-05,0.0,0.03269693
99_8193,2018-08-05,0.0,0.034741961
99_8424,2018-08-05,0.0,0.04007542325
